Instance name,Subramanyam and Gounaris (2018),Root time (sec.),Total time (sec.),# BC nodes,Root LB,Root UB,root-Gap,Best Bound,Best Integer,Status,res-Gap,Best known
burma14_p3_f50_lH,7308,0.00,0.00,0,7308.0,7308,0.0,7308.0,7308,1,,0
burma14_p3_f50_lL,7328,0.02,0.01,7,7308.0,7328,0.3,7328.0,7328,1,,0
burma14_p3_f50_lM,7308,0.00,0.00,0,7308.0,7308,0.0,7308.0,7308,1,,0
burma14_p3_f70_lH,8508,0.04,0.08,33,8414.0,8508,1.1,8508.0,8508,1,,0
burma14_p3_f70_lL,8572,0.05,0.09,36,8414.3,8572,1.9,8572.0,8572,1,,0
burma14_p3_f70_lM,8508,0.04,0.07,31,8414.0,8508,1.1,8508.0,8508,1,,0
burma14_p3_f90_lH,9513,0.05,0.04,7,9490.0,9513,0.2,9513.0,9513,1,,0
burma14_p3_f90_lL,9513,0.04,0.04,7,9490.0,9513,0.2,9513.0,9513,1,,0
burma14_p3_f90_lM,9513,0.05,0.03,7,9490.0,9513,0.2,9513.0,9513,1,,0
burma14_p5_f50_lH,12667,0.00,0.00,0,12667.0,12667,0.0,12667.0,12667,1,,0
burma14_p5_f50_lL,12687,0.04,0.03,4,12667.0,12687,0.2,12687.0,12687,1,,0
burma14_p5_f50_lM,12667,0.00,0.00,0,12667.0,12667,0.0,12667.0,12667,1,,0
burma14_p5_f70_lH,14241,0.08,0.33,419,14085.0,14241,1.1,14241.0,14241,1,,0
burma14_p5_f70_lL,14313,0.06,0.22,144,14085.0,14313,1.6,14313.0,14313,1,,0
burma14_p5_f70_lM,14249,0.10,0.26,135,14085.0,14249,1.2,14249.0,14249,1,,0
burma14_p5_f90_lH,16048,0.09,0.07,19,15974.0,16048,0.5,16048.0,16048,1,,0
burma14_p5_f90_lL,16048,0.08,0.07,12,15974.0,16048,0.5,16048.0,16048,1,,0
burma14_p5_f90_lM,16048,0.07,0.08,22,15974.0,16048,0.5,16048.0,16048,1,,0
ulysses16_p3_f50_lH,17303,0.00,0.01,0,17303.0,17303,0.0,17303.0,17303,1,,0
ulysses16_p3_f50_lL,17303,0.00,0.01,1,17303.0,17303,0.0,17303.0,17303,1,,0
ulysses16_p3_f50_lM,17303,0.00,0.01,1,17303.0,17303,0.0,17303.0,17303,1,,0
ulysses16_p3_f70_lH,19668,0.05,0.08,53,19385.0,19668,1.5,19667.0,19668,1,,0
ulysses16_p3_f70_lL,19668,0.04,0.11,76,19385.0,19668,1.5,19668.0,19668,1,,0
ulysses16_p3_f70_lM,19668,0.03,0.10,89,19385.0,19668,1.5,19668.0,19668,1,,0
ulysses16_p3_f90_lH,20212,0.05,0.22,152,20049.5,20212,0.8,20210.0,20212,1,,0
ulysses16_p3_f90_lL,20212,0.06,0.18,92,20049.3,20212,0.8,20210.5,20212,1,,0
ulysses16_p3_f90_lM,20212,0.05,0.21,161,20049.0,20212,0.8,20210.5,20212,1,,0
ulysses16_p5_f50_lH,28783,0.07,0.29,194,28587.4,28783,0.7,28783.0,28783,1,,0
ulysses16_p5_f50_lL,28783,0.07,0.28,227,28586.0,28783,0.7,28781.0,28783,1,,0
ulysses16_p5_f50_lM,28783,0.07,0.21,123,28587.4,28783,0.7,28781.3,28783,1,,0
ulysses16_p5_f70_lH,32502,0.10,0.54,432,32034.0,32518,1.5,32498.8,32502,1,,0
ulysses16_p5_f70_lL,32502,0.09,0.33,148,32034.0,32518,1.5,32499.3,32502,1,,0
ulysses16_p5_f70_lM,32502,0.10,0.31,132,32034.0,32518,1.5,32499.0,32502,1,,0
ulysses16_p5_f90_lH,33408,0.09,0.22,72,33184.0,33408,0.7,33405.5,33408,1,,0
ulysses16_p5_f90_lL,33408,0.12,0.23,131,33184.0,33408,0.7,33404.8,33408,1,,0
ulysses16_p5_f90_lM,33408,0.13,0.21,61,33184.0,33408,0.7,33406.0,33408,1,,0
br17_p3_f50_lH,117,0.00,0.00,0,117.0,117,0.0,117.0,117,1,,0
br17_p3_f50_lL,117,0.00,0.00,0,117.0,117,0.0,117.0,117,1,,0
br17_p3_f50_lM,117,0.00,0.00,0,117.0,117,0.0,117.0,117,1,,0
br17_p3_f70_lH,117,0.00,0.01,0,117.0,117,0.0,117.0,117,1,,0
br17_p3_f70_lL,117,0.00,0.01,0,117.0,117,0.0,117.0,117,1,,0
br17_p3_f70_lM,117,0.00,0.01,0,117.0,117,0.0,117.0,117,1,,0
br17_p3_f90_lH,117,0.00,0.02,0,117.0,117,0.0,117.0,117,1,,0
br17_p3_f90_lL,117,0.00,0.03,0,117.0,117,0.0,117.0,117,1,,0
br17_p3_f90_lM,117,0.00,0.03,0,117.0,117,0.0,117.0,117,1,,0
br17_p5_f50_lH,195,0.00,0.00,0,195.0,195,0.0,195.0,195,1,,0
br17_p5_f50_lL,195,0.00,0.00,0,195.0,195,0.0,195.0,195,1,,0
br17_p5_f50_lM,195,0.00,0.00,0,195.0,195,0.0,195.0,195,1,,0
br17_p5_f70_lH,190,0.00,0.04,0,190.0,190,0.0,190.0,190,1,,0
br17_p5_f70_lL,190,0.00,0.04,0,190.0,190,0.0,190.0,190,1,,0
br17_p5_f70_lM,190,0.00,0.04,0,190.0,190,0.0,190.0,190,1,,0
br17_p5_f90_lH,195,0.00,0.04,0,195.0,195,0.0,195.0,195,1,,0
br17_p5_f90_lL,195,0.00,0.04,0,195.0,195,0.0,195.0,195,1,,0
br17_p5_f90_lM,195,0.00,0.04,0,195.0,195,0.0,195.0,195,1,,0
gr17_p3_f50_lH,5186,0.00,0.00,0,5186.0,5186,0.0,5186.0,5186,1,,0
gr17_p3_f50_lL,5186,0.00,0.00,0,5186.0,5186,0.0,5186.0,5186,1,,0
gr17_p3_f50_lM,5186,0.00,0.00,0,5186.0,5186,0.0,5186.0,5186,1,,0
gr17_p3_f70_lH,5534,0.06,0.40,212,5499.0,5586,1.6,5534.0,5534,1,,0
gr17_p3_f70_lL,5588,0.10,1.73,1924,5499.0,5588,1.6,5588.0,5588,1,,0
gr17_p3_f70_lM,5534,0.06,0.45,283,5499.0,5586,1.6,5534.0,5534,1,,0
gr17_p3_f90_lH,6009,0.09,0.10,21,5975.0,6009,0.6,6009.0,6009,1,,0
gr17_p3_f90_lL,6009,0.08,0.09,13,5975.0,6009,0.6,6009.0,6009,1,,0
gr17_p3_f90_lM,6009,0.08,0.09,18,5975.0,6009,0.6,6009.0,6009,1,,0
gr17_p5_f50_lH,8448,0.06,0.04,3,8444.0,8448,0.0,8448.0,8448,1,,0
gr17_p5_f50_lL,8456,0.04,0.04,10,8445.0,8456,0.1,8456.0,8456,1,,0
gr17_p5_f50_lM,8452,0.07,0.08,19,8444.0,8452,0.1,8452.0,8452,1,,0
gr17_p5_f70_lH,9232,0.13,1.64,1380,9144.0,9232,1.0,9232.0,9232,1,,0
gr17_p5_f70_lL,9238,0.12,0.34,116,9144.0,9238,1.0,9238.0,9238,1,,0
gr17_p5_f70_lM,9234,0.11,0.76,547,9144.0,9234,1.0,9234.0,9234,1,,0
gr17_p5_f90_lH,10027,0.11,0.49,280,9962.0,10027,0.7,10026.0,10027,1,,0
gr17_p5_f90_lL,10027,0.15,0.41,154,9962.0,10027,0.7,10027.0,10027,1,,0
gr17_p5_f90_lM,10027,0.14,0.54,319,9962.0,10027,0.7,10026.0,10027,1,,0
gr21_p3_f50_lH,6859,0.00,0.00,0,6859.0,6859,0.0,6859.0,6859,1,,0
gr21_p3_f50_lL,6859,0.00,0.00,0,6859.0,6859,0.0,6859.0,6859,1,,0
gr21_p3_f50_lM,6859,0.00,0.00,0,6859.0,6859,0.0,6859.0,6859,1,,0
gr21_p3_f70_lH,7192,0.05,0.04,4,7189.0,7192,0.0,7192.0,7192,1,,0
gr21_p3_f70_lL,7192,0.05,0.04,5,7187.0,7192,0.1,7192.0,7192,1,,0
gr21_p3_f70_lM,7192,0.05,0.04,5,7187.0,7192,0.1,7192.0,7192,1,,0
gr21_p3_f90_lH,7993,0.00,0.01,0,7993.0,7993,0.0,7993.0,7993,1,,0
gr21_p3_f90_lL,7993,0.00,0.01,0,7993.0,7993,0.0,7993.0,7993,1,,0
gr21_p3_f90_lM,7993,0.00,0.01,0,7993.0,7993,0.0,7993.0,7993,1,,0
gr21_p5_f50_lH,11587,0.08,0.06,3,11565.0,11587,0.2,11587.0,11587,1,,0
gr21_p5_f50_lL,11587,0.08,0.05,4,11565.0,11587,0.2,11587.0,11587,1,,0
gr21_p5_f50_lM,11587,0.08,0.06,7,11565.0,11587,0.2,11587.0,11587,1,,0
gr21_p5_f70_lH,11791,0.12,0.15,29,11764.0,11791,0.2,11791.0,11791,1,,0
gr21_p5_f70_lL,11791,0.08,0.12,18,11764.0,11791,0.2,11791.0,11791,1,,0
gr21_p5_f70_lM,11791,0.10,0.11,16,11764.0,11791,0.2,11791.0,11791,1,,0
gr21_p5_f90_lH,13238,0.00,0.03,0,13238.0,13238,0.0,13238.0,13238,1,,0
gr21_p5_f90_lL,13238,0.00,0.03,0,13238.0,13238,0.0,13238.0,13238,1,,0
gr21_p5_f90_lM,13238,0.00,0.03,0,13238.0,13238,0.0,13238.0,13238,1,,0
ulysses22_p3_f50_lH,18453,0.00,0.00,0,18453.0,18453,0.0,18453.0,18453,1,,0
ulysses22_p3_f50_lL,18453,0.00,0.00,0,18453.0,18453,0.0,18453.0,18453,1,,0
ulysses22_p3_f50_lM,18453,0.00,0.00,0,18453.0,18453,0.0,18453.0,18453,1,,0
ulysses22_p3_f70_lH,19213,0.00,0.00,0,19213.0,19213,0.0,19213.0,19213,1,,0
ulysses22_p3_f70_lL,19213,0.00,0.01,0,19213.0,19213,0.0,19213.0,19213,1,,0
ulysses22_p3_f70_lM,19213,0.00,0.01,0,19213.0,19213,0.0,19213.0,19213,1,,0
ulysses22_p3_f90_lH,20718,0.09,0.19,38,20657.0,20718,0.3,20718.0,20718,1,,0
ulysses22_p3_f90_lL,20718,0.07,0.15,57,20657.0,20718,0.3,20716.5,20718,1,,0
ulysses22_p3_f90_lM,20718,0.07,0.21,70,20657.0,20718,0.3,20718.0,20718,1,,0
ulysses22_p5_f50_lH,30433,0.10,0.08,7,30412.0,30433,0.1,30433.0,30433,1,,0
ulysses22_p5_f50_lL,30433,0.10,0.08,9,30412.0,30433,0.1,30433.0,30433,1,,0
ulysses22_p5_f50_lM,30433,0.11,0.07,3,30412.0,30433,0.1,30433.0,30433,1,,0
ulysses22_p5_f70_lH,32405,0.00,0.01,0,32405.0,32405,0.0,32405.0,32405,1,,0
ulysses22_p5_f70_lL,32405,0.00,0.02,0,32405.0,32405,0.0,32405.0,32405,1,,0
ulysses22_p5_f70_lM,32405,0.00,0.02,0,32405.0,32405,0.0,32405.0,32405,1,,0
ulysses22_p5_f90_lH,33904,0.21,0.51,171,33826.0,33904,0.2,33901.0,33904,1,,0
ulysses22_p5_f90_lL,33904,0.19,0.42,83,33826.0,33904,0.2,33901.1,33904,1,,0
ulysses22_p5_f90_lM,33904,0.16,0.38,77,33826.0,33904,0.2,33901.8,33904,1,,0
gr24_p3_f50_lH,3066,0.06,0.04,6,3059.0,3066,0.2,3066.0,3066,1,,0
gr24_p3_f50_lL,3086,0.05,0.17,104,3059.0,3086,0.9,3086.0,3086,1,,0
gr24_p3_f50_lM,3066,0.05,0.04,11,3059.0,3066,0.2,3066.0,3066,1,,0
gr24_p3_f70_lH,3207,0.05,0.04,2,3206.5,3220,0.4,3207.0,3207,1,,0
gr24_p3_f70_lL,3216,0.06,0.09,34,3206.5,3220,0.4,3216.0,3216,1,,0
gr24_p3_f70_lM,3211,0.05,0.06,14,3206.5,3220,0.4,3211.0,3211,1,,0
gr24_p3_f90_lH,3568,0.08,0.08,6,3564.0,3572,0.2,3568.0,3568,1,,0
gr24_p3_f90_lL,3585,0.08,0.24,130,3566.0,3585,0.5,3585.0,3585,1,,0
gr24_p3_f90_lM,3572,0.08,0.09,10,3564.0,3572,0.2,3572.0,3572,1,,0
gr24_p5_f50_lH,5006,0.12,0.15,40,4997.0,5006,0.2,5006.0,5006,1,,0
gr24_p5_f50_lL,5026,0.10,0.27,126,4997.0,5026,0.6,5026.0,5026,1,,0
gr24_p5_f50_lM,5006,0.13,0.12,46,4997.0,5006,0.2,5006.0,5006,1,,0
gr24_p5_f70_lH,5400,0.07,0.06,2,5399.5,5409,0.2,5400.0,5400,1,,0
gr24_p5_f70_lL,5477,0.15,3.91,3706,5399.5,5477,1.4,5477.0,5477,1,,0
gr24_p5_f70_lM,5409,0.12,0.13,20,5399.5,5409,0.2,5409.0,5409,1,,0
gr24_p5_f90_lH,5873,0.29,0.33,30,5869.0,5903,0.6,5873.0,5873,1,,0
gr24_p5_f90_lL,5964,0.23,209.20,129491,5869.0,5964,1.6,5964.0,5964,1,,0
gr24_p5_f90_lM,5903,0.25,0.70,298,5869.0,5903,0.6,5903.0,5903,1,,0
fri26_p3_f50_lH,2166,0.00,0.02,0,2166.0,2166,0.0,2166.0,2166,1,,0
fri26_p3_f50_lL,2167,0.00,0.05,0,2167.0,2167,0.0,2167.0,2167,1,,0
fri26_p3_f50_lM,2167,0.00,0.06,0,2167.0,2167,0.0,2167.0,2167,1,,0
fri26_p3_f70_lH,2259,0.10,0.48,251,2242.0,2259,0.8,2259.0,2259,1,,0
fri26_p3_f70_lL,2291,0.10,6.45,8783,2242.0,2291,2.2,2291.0,2291,1,,0
fri26_p3_f70_lM,2290,0.09,12.42,15097,2242.0,2291,2.2,2290.0,2290,1,,0
fri26_p3_f90_lH,2620,0.09,0.15,41,2606.5,2620,0.5,2620.0,2620,1,,0
fri26_p3_f90_lL,2620,0.09,0.16,47,2606.5,2620,0.5,2620.0,2620,1,,0
fri26_p3_f90_lM,2620,0.11,0.24,113,2606.5,2620,0.5,2620.0,2620,1,,0
fri26_p5_f50_lH,3441,0.15,0.57,343,3418.0,3441,0.7,3441.0,3441,1,,0
fri26_p5_f50_lL,3441,0.12,0.86,751,3416.7,3441,0.7,3441.0,3441,1,,0
fri26_p5_f50_lM,3441,0.14,0.71,695,3416.7,3441,0.7,3441.0,3441,1,,0
fri26_p5_f70_lH,3754,0.19,1.19,893,3737.0,3799,1.7,3754.0,3754,1,,0
fri26_p5_f70_lL,3808,0.20,79.20,70533,3737.0,3808,1.9,3808.0,3808,1,,0
fri26_p5_f70_lM,3799,0.14,41.22,34769,3737.0,3799,1.7,3799.0,3799,1,,0
fri26_p5_f90_lH,4374,0.37,44.13,24970,4312.5,4374,1.4,4374.0,4374,1,,0
fri26_p5_f90_lL,4374,0.36,25.64,14000,4310.5,4374,1.5,4374.0,4374,1,,0
fri26_p5_f90_lM,4374,0.31,54.22,26980,4311.2,4374,1.5,4374.0,4374,1,,0
bayg29_p3_f50_lH,3313,0.00,0.02,0,3313.0,3313,0.0,3313.0,3313,1,,0
bayg29_p3_f50_lL,3313,0.00,0.01,0,3313.0,3313,0.0,3313.0,3313,1,,0
bayg29_p3_f50_lM,3313,0.00,0.02,0,3313.0,3313,0.0,3313.0,3313,1,,0
bayg29_p3_f70_lH,3753,0.10,0.27,141,3726.0,3759,0.9,3753.0,3753,1,,0
bayg29_p3_f70_lL,3769,0.11,0.51,349,3726.0,3769,1.2,3769.0,3769,1,,0
bayg29_p3_f70_lM,3753,0.11,0.38,252,3726.0,3759,0.9,3753.0,3753,1,,0
bayg29_p3_f90_lH,4500,0.10,0.31,164,4485.0,4500,0.3,4500.0,4500,1,,0
bayg29_p3_f90_lL,4500,0.12,0.31,132,4485.0,4500,0.3,4500.0,4500,1,,0
bayg29_p3_f90_lM,4500,0.14,0.33,175,4485.0,4500,0.3,4500.0,4500,1,,0
bayg29_p5_f50_lH,5415,0.13,0.14,16,5388.0,5415,0.5,5415.0,5415,1,,0
bayg29_p5_f50_lL,5415,0.17,0.14,6,5388.0,5415,0.5,5415.0,5415,1,,0
bayg29_p5_f50_lM,5415,0.14,0.19,32,5388.0,5415,0.5,5415.0,5415,1,,0
bayg29_p5_f70_lH,6352,0.21,0.80,474,6319.0,6352,0.5,6352.0,6352,1,,0
bayg29_p5_f70_lL,6371,0.23,0.91,412,6319.0,6371,0.8,6371.0,6371,1,,0
bayg29_p5_f70_lM,6352,0.17,0.85,568,6319.0,6352,0.5,6352.0,6352,1,,0
bayg29_p5_f90_lH,7490,0.33,1.55,737,7464.0,7490,0.3,7490.0,7490,1,,0
bayg29_p5_f90_lL,7490,0.32,1.21,514,7464.0,7490,0.3,7490.0,7490,1,,0
bayg29_p5_f90_lM,7490,0.36,1.37,580,7464.0,7490,0.3,7490.0,7490,1,,0
bays29_p3_f50_lH,4274,0.08,0.05,3,4270.0,4274,0.1,4274.0,4274,1,,0
bays29_p3_f50_lL,4293,0.06,0.05,10,4270.0,4293,0.5,4293.0,4293,1,,0
bays29_p3_f50_lM,4274,0.06,0.04,3,4270.0,4274,0.1,4274.0,4274,1,,0
bays29_p3_f70_lH,5075,0.00,0.01,0,5075.0,5075,0.0,5075.0,5075,1,,0
bays29_p3_f70_lL,5075,0.00,0.01,0,5075.0,5075,0.0,5075.0,5075,1,,0
bays29_p3_f70_lM,5075,0.00,0.00,0,5075.0,5075,0.0,5075.0,5075,1,,0
bays29_p3_f90_lH,5673,0.08,0.85,462,5637.5,5690,0.9,5673.0,5673,1,,0
bays29_p3_f90_lL,5690,0.08,0.86,676,5637.5,5690,0.9,5690.0,5690,1,,0
bays29_p3_f90_lM,5673,0.08,0.67,465,5637.5,5690,0.9,5673.0,5673,1,,0
bays29_p5_f50_lH,7130,0.10,0.08,3,7126.0,7130,0.1,7130.0,7130,1,,0
bays29_p5_f50_lL,7149,0.13,0.12,8,7126.0,7149,0.3,7149.0,7149,1,,0
bays29_p5_f50_lM,7130,0.00,0.06,0,7130.0,7130,0.0,7130.0,7130,1,,0
bays29_p5_f70_lH,8527,0.00,0.10,0,8527.0,8527,0.0,8527.0,8527,1,,0
bays29_p5_f70_lL,8542,0.16,0.32,82,8527.0,8542,0.2,8542.0,8542,1,,0
bays29_p5_f70_lM,8542,0.18,0.31,74,8527.0,8542,0.2,8542.0,8542,1,,0
bays29_p5_f90_lH,9512,0.29,3.78,2082,9464.0,9534,0.7,9512.0,9512,1,,0
bays29_p5_f90_lL,9534,0.42,10.77,6524,9470.5,9534,0.7,9534.0,9534,1,,0
bays29_p5_f90_lM,9512,0.41,5.3,2585,9473.5,9534,0.6,9512.0,9512,1,,0
ftv33_p3_f50_lH,3037,0.22,0.51,191,2996.1,3037,1.4,3037.0,3037,1,,0
ftv33_p3_f50_lL,3037,0.22,0.62,286,2994.7,3037,1.4,3037.0,3037,1,,0
ftv33_p3_f50_lM,3037,0.22,0.63,340,2994.7,3037,1.4,3037.0,3037,1,,0
ftv33_p3_f70_lH,3335,0.26,147.60,50970,3189.6,3373,5.7,3335.0,3335,1,,0
ftv33_p3_f70_lL,3335,0.33,10.15,6677,3209.9,3412,6.3,3335.0,3335,1,,0
ftv33_p3_f70_lM,3335,0.15,26.76,16487,3199.9,3373,5.4,3335.0,3335,1,,0
ftv33_p3_f90_lH,3813,0.42,2.25,1200,3756.3,3813,1.5,3813.0,3813,1,,0
ftv33_p3_f90_lL,3813,0.50,2.66,1431,3762.3,3813,1.3,3813.0,3813,1,,0
ftv33_p3_f90_lM,3813,0.42,1.24,401,3756.3,3813,1.5,3813.0,3813,1,,0
ftv33_p5_f50_lH,5174,0.34,0.82,165,5103.8,5174,1.4,5174.0,5174,1,,0
ftv33_p5_f50_lL,5174,0.36,0.89,239,5103.6,5174,1.4,5174.0,5174,1,,0
ftv33_p5_f50_lM,5174,0.36,0.84,227,5104.0,5174,1.4,5174.0,5174,1,,0
ftv33_p5_f70_lH,5687,0.42,3559.63,453714,5470.4,5717,4.5,5687.0,5687,1,,0
ftv33_p5_f70_lL,5687,0.54,214.55,49623,5488.7,5728,4.4,5687.0,5687,1,,0
ftv33_p5_f70_lM,5687,0.52,1975.14,387969,5499.4,5728,4.2,5687.0,5687,1,,0
ftv33_p5_f90_lH,6378,0.59,4.88,1740,6312.0,6378,1.0,6378.0,6378,1,,0
ftv33_p5_f90_lL,6378,0.67,2.46,517,6313.2,6378,1.0,6378.0,6378,1,,0
ftv33_p5_f90_lM,6378,0.61,2.28,444,6312.0,6378,1.0,6378.0,6378,1,,0
ftv35_p3_f50_lH,3275,0.19,2.77,1506,3183.3,3348,5.2,3275.0,3275,1,,0
ftv35_p3_f50_lL,3316,0.18,11.19,8188,3200.1,3335,4.2,3316.0,3316,1,,0
ftv35_p3_f50_lM,3298,0.16,13.73,8281,3183.1,3357,5.5,3298.0,3298,1,,0
ftv35_p3_f70_lH,3814,0.18,3.37,1440,3742.0,3880,3.7,3814.0,3814,1,,0
ftv35_p3_f70_lL,3822,0.31,2.27,730,3775.3,3880,2.8,3822.0,3822,1,,0
ftv35_p3_f70_lM,3814,0.14,3.39,1255,3743.3,3880,3.7,3814.0,3814,1,,0
ftv35_p3_f90_lH,4233,0.28,22.74,8338,4171.0,4270,2.4,4233.0,4233,1,,0
ftv35_p3_f90_lL,4251,0.30,14.10,5674,4182.8,4270,2.1,4251.0,4251,1,,0
ftv35_p3_f90_lM,4251,0.33,43.82,15588,4179.6,4270,2.2,4251.0,4251,1,,0
ftv35_p5_f50_lH,5433,0.45,90.25,46161,5278.6,5470,3.6,5433.0,5433,1,,0
ftv35_p5_f50_lL,5482,0.22,125.84,68419,5273.2,5490,4.1,5482.0,5482,1,,0
ftv35_p5_f50_lM,5462,0.43,275.77,102810,5279.4,5490,4.0,5462.0,5462,1,,0
ftv35_p5_f70_lH,6473,0.58,55.84,22133,6396.1,6541,2.3,6473.0,6473,1,,0
ftv35_p5_f70_lL,6503,0.41,5.63,1450,6401.0,6541,2.2,6503.0,6503,1,,0
ftv35_p5_f70_lM,6473,0.51,14.23,3669,6400.7,6541,2.2,6473.0,6473,1,,0
ftv35_p5_f90_lH,7062,0.45,3218.17,228880,6942.6,7173,3.3,7062.0,7062,1,,0
ftv35_p5_f90_lL,7090,0.46,687.65,94093,6938.1,7186,3.6,7090.0,7090,1,,0
ftv35_p5_f90_lM,7090,0.49,3145.46,291682,6943.1,7173,3.3,7090.0,7090,1,,0
ftv38_p3_f50_lH,3284,0.18,0.39,153,3240.6,3296,1.7,3284.0,3284,1,,0
ftv38_p3_f50_lL,3288,0.22,0.37,103,3243.4,3296,1.6,3288.0,3288,1,,0
ftv38_p3_f50_lM,3284,0.18,0.36,145,3240.6,3296,1.7,3284.0,3284,1,,0
ftv38_p3_f70_lH,3963,0.37,1.45,517,3898.0,3963,1.7,3963.0,3963,1,,0
ftv38_p3_f70_lL,3963,0.37,1.56,673,3897.9,3963,1.7,3963.0,3963,1,,0
ftv38_p3_f70_lM,3963,0.37,1.37,594,3897.9,3963,1.7,3963.0,3963,1,,0
ftv38_p3_f90_lH,4461,0.40,1.27,354,4437.1,4461,0.5,4461.0,4461,1,,0
ftv38_p3_f90_lL,4461,0.43,0.95,155,4437.5,4461,0.5,4461.0,4461,1,,0
ftv38_p3_f90_lM,4461,0.40,0.9,182,4437.4,4461,0.5,4461.0,4461,1,,0
ftv38_p5_f50_lH,5732,0.60,4105.32,641909,5526.6,5858,6.0,5732.0,5732,1,,0
ftv38_p5_f50_lL,5759,0.65,4837.09,445897,5555.9,5894,6.1,5759.0,5759,1,,0
ftv38_p5_f50_lM,5732,0.51,3343.47,472999,5546.6,5858,5.6,5732.0,5732,1,,0
ftv38_p5_f70_lH,6612,0.53,6234.30,466187,6466.8,6661,3.0,6612.0,6612,1,,0
ftv38_p5_f70_lL,6653,0.63,5615.16,618220,6475.4,6661,2.9,6653.0,6653,1,,0
ftv38_p5_f70_lM,6621,0.59,582.35,88127,6478.6,6661,2.8,6621.0,6621,1,,0
ftv38_p5_f90_lH,7392,0.59,825.51,115448,7292.3,7392,1.4,7392.0,7392,1,,0
ftv38_p5_f90_lL,7392,0.70,45.14,10825,7303.0,7392,1.2,7392.0,7392,1,,0
ftv38_p5_f90_lM,7392,0.58,90.35,19216,7298.3,7392,1.3,7392.0,7392,1,,0
dantzig42_p3_f50_lH,1619,0.18,0.96,496,1599.0,1624,1.6,1619.0,1619,1,,0
dantzig42_p3_f50_lL,1619,0.12,1.38,974,1599.0,1624,1.6,1619.0,1619,1,,0
dantzig42_p3_f50_lM,1619,0.13,1.51,1212,1599.0,1624,1.6,1619.0,1619,1,,0
dantzig42_p3_f70_lH,1781,0.31,4.80,2530,1758.0,1785,1.5,1781.0,1781,1,,0
dantzig42_p3_f70_lL,1785,0.30,4.87,3759,1758.0,1785,1.5,1785.0,1785,1,,0
dantzig42_p3_f70_lM,1785,0.31,5.69,4092,1758.0,1785,1.5,1785.0,1785,1,,0
dantzig42_p3_f90_lH,2046,0.24,2.31,187,2035.0,2046,0.5,2046.0,2046,1,,0
dantzig42_p3_f90_lL,2046,0.25,3.61,286,2035.0,2046,0.5,2046.0,2046,1,,0
dantzig42_p3_f90_lM,2046,0.46,12.31,312,2035.0,2046,0.5,2046.0,2046,1,,0
dantzig42_p5_f50_lH,2711,0.52,18.90,9641,2678.0,2722,1.6,2711.0,2711,1,,0
dantzig42_p5_f50_lL,2716,0.72,24.76,13535,2678.0,2727,1.8,2716.0,2716,1,,0
dantzig42_p5_f50_lM,2711,0.57,35.92,15854,2678.0,2727,1.8,2711.0,2711,1,,0
dantzig42_p5_f70_lH,2968,1.28,50.19,21516,2932.0,2968,1.2,2968.0,2968,1,,0
dantzig42_p5_f70_lL,2968,0.68,66.13,26197,2932.0,2968,1.2,2968.0,2968,1,,0
dantzig42_p5_f70_lM,2968,0.73,47.80,18141,2932.0,2968,1.2,2968.0,2968,1,,0
dantzig42_p5_f90_lH,3344,0.31,4.29,527,3329.5,3344,0.4,3344.0,3344,1,,0
dantzig42_p5_f90_lL,3362,0.78,105.67,26925,3329.5,3362,1.0,3362.0,3362,1,,0
dantzig42_p5_f90_lM,3362,0.36,220.22,52566,3329.5,3362,1.0,3362.0,3362,1,,0
swiss42_p3_f50_lH,3042,0.17,82.89,40875,2974.5,3063,3.0,3042.0,3042,1,,0
swiss42_p3_f50_lL,3055,0.17,150.56,87939,2973.5,3063,3.0,3055.0,3055,1,,0
swiss42_p3_f50_lM,3055,0.16,305.55,112292,2974.5,3063,3.0,3055.0,3055,1,,0
swiss42_p3_f70_lH,3274,0.18,1.29,618,3220.0,3274,1.7,3274.0,3274,1,,0
swiss42_p3_f70_lL,3274,0.18,1.08,509,3220.0,3274,1.7,3274.0,3274,1,,0
swiss42_p3_f70_lM,3274,0.18,1.27,603,3220.0,3274,1.7,3274.0,3274,1,,0
swiss42_p3_f90_lH,3533,0.20,0.25,9,3521.0,3533,0.3,3533.0,3533,1,,0
swiss42_p3_f90_lL,3533,0.19,0.24,9,3521.0,3533,0.3,3533.0,3533,1,,0
swiss42_p3_f90_lM,3533,0.22,0.24,6,3521.0,3533,0.3,3533.0,3533,1,,0
swiss42_p5_f50_lH,5115,0.16,984.94,290484,4999.0,5115,2.3,5115.0,5115,1,,0
swiss42_p5_f50_lL,5115,0.19,402.07,148779,4999.0,5115,2.3,5115.0,5115,1,,0
swiss42_p5_f50_lM,5115,0.14,899.98,260178,4999.0,5115,2.3,5115.0,5115,1,,0
swiss42_p5_f70_lH,5440,0.34,2.76,920,5379.0,5440,1.1,5440.0,5440,1,,0
swiss42_p5_f70_lL,5440,0.28,12.98,6105,5379.0,5440,1.1,5440.0,5440,1,,0
swiss42_p5_f70_lM,5440,0.27,9.08,4131,5379.0,5440,1.1,5440.0,5440,1,,0
swiss42_p5_f90_lH,6007,0.48,1.35,297,5986.0,6007,0.4,6007.0,6007,1,,0
swiss42_p5_f90_lL,6007,0.70,1.93,255,5980.3,6007,0.4,6007.0,6007,1,,0
swiss42_p5_f90_lM,6007,0.52,1.21,135,5980.3,6007,0.4,6007.0,6007,1,,0
p43_p3_f50_lH,16733,0.98,7137.26,371234,16707.9,16735,0.2,16725.9,16733,0,0.04,0
p43_p3_f50_lL,16733,1.63,5012.58,301405,16707.9,16735,0.2,16722.5,16733,0,0.06,0
p43_p3_f50_lM,16733,0.61,7152.22,418572,16707.8,16735,0.2,16725.5,16733,0,0.04,0
p43_p3_f70_lH,16830,0.31,73.03,32535,16814.6,16830,0.1,16828.3,16830,1,,0
p43_p3_f70_lL,16830,0.31,5400.31,598807,16814.6,16830,0.1,16828.3,16830,1,,0
p43_p3_f70_lM,16830,0.31,41.64,14072,16814.6,16830,0.1,16828.3,16830,1,,0
p43_p3_f90_lH,16848,0.46,3.64,1680,16832.8,16848,0.1,16846.3,16848,1,,0
p43_p3_f90_lL,16848,0.46,3.32,1115,16832.8,16848,0.1,16846.3,16848,1,,0
p43_p3_f90_lM,16848,0.46,2.60,1067,16832.8,16848,0.1,16846.3,16848,1,,0
p43_p5_f50_lH,27800,0.45,7154.78,259608,27772.9,27810,0.1,27794.3,27807,0,0.05,0
p43_p5_f50_lL,27800,0.40,6226.77,226575,27772.9,27810,0.1,27793.0,27808,0,0.05,0
p43_p5_f50_lM,27800,0.43,6908.05,237059,27772.9,27810,0.1,27793.7,27807,0,0.05,0
p43_p5_f70_lH,27959,0.34,7188.28,360708,27934.8,27959,0.1,27953.1,27959,0,0.02,0
p43_p5_f70_lL,27959,0.45,6521.80,307326,27934.8,27959,0.1,27949.1,27959,0,0.04,0
p43_p5_f70_lM,27959,0.34,7195.24,328780,27934.8,27959,0.1,27954.2,27959,0,0.02,0
p43_p5_f90_lH,28082,0.36,147.44,45614,28054.2,28082,0.1,28079.2,28082,1,,0
p43_p5_f90_lL,28082,0.36,113.27,36376,28054.2,28082,0.1,28079.2,28082,1,,0
p43_p5_f90_lM,28082,0.36,93.72,27759,28054.2,28082,0.1,28079.2,28082,1,,0
ftv44_p3_f50_lH,3649,0.22,91.16,44769,3563.7,3694,3.7,3649.0,3649,1,,0
ftv44_p3_f50_lL,3656,0.24,64.72,32480,3561.2,3759,5.6,3656.0,3656,1,,0
ftv44_p3_f50_lM,3651,0.23,89.61,35748,3561.2,3759,5.6,3651.0,3651,1,,0
ftv44_p3_f70_lH,4440,0.50,85.10,27986,4377.1,4451,1.7,4440.0,4440,1,,0
ftv44_p3_f70_lL,4448,0.38,113.34,40556,4375.3,4451,1.7,4448.0,4448,1,,0
ftv44_p3_f70_lM,4444,0.43,174.44,59148,4377.3,4451,1.7,4444.0,4444,1,,0
ftv44_p3_f90_lH,4431,0.59,12.90,3567,4365.8,4483,2.7,4431.0,4431,1,,0
ftv44_p3_f90_lL,4469,0.47,148.43,41148,4362.9,4503,3.2,4469.0,4469,1,,0
ftv44_p3_f90_lM,4468,0.59,197.22,41761,4369.6,4483,2.6,4468.0,4468,1,,0
ftv44_p5_f50_lH,6229,0.39,7180.80,682240,6070.3,6266,3.2,6205.7,6258,0,0.84,0
ftv44_p5_f50_lL,6229,0.48,7182.48,660131,6074.9,6266,3.1,6221.4,6266,0,0.72,0
ftv44_p5_f50_lM,6229,0.46,7186.94,847672,6068.3,6266,3.3,6217.9,6229,0,0.18,0
ftv44_p5_f70_lH,7391,0.36,7169.86,202080,7221.8,7502,3.9,7332.0,7496,0,2.24,0
ftv44_p5_f70_lL,7456,0.34,7181.81,228411,7221.8,7502,3.9,7358.6,7502,0,1.95,0
ftv44_p5_f70_lM,7409,0.37,7179.54,226441,7221.8,7502,3.9,7338.8,7499,0,2.18,0
ftv44_p5_f90_lH,7361,0.41,7157.83,179396,7200.1,7431,3.2,7317.3,7431,0,1.55,0
ftv44_p5_f90_lL,7559,0.56,7187.53,301346,7208.1,7414,2.9,7343.0,7414,0,0.97,1
ftv44_p5_f90_lM,7403,0.39,7180.18,247718,7206.6,7431,3.1,7333.5,7431,0,1.33,0
ftv47_p3_f50_lH,4082,0.37,0.83,185,4053.5,4090,0.9,4082.0,4082,1,,0
ftv47_p3_f50_lL,4090,0.36,0.66,149,4053.6,4090,0.9,4090.0,4090,1,,0
ftv47_p3_f50_lM,4090,0.36,0.69,159,4053.6,4090,0.9,4090.0,4090,1,,0
ftv47_p3_f70_lH,4648,0.50,6139.26,282051,4495.6,4768,6.1,4648.0,4648,1,,0
ftv47_p3_f70_lL,4663,0.58,921.29,102034,4508.6,4768,5.8,4663.0,4663,1,,0
ftv47_p3_f70_lM,4648,0.51,775.76,62388,4497.3,4768,6.0,4648.0,4648,1,,0
ftv47_p3_f90_lH,4906,0.45,23.61,2400,4870.7,4918,1.0,4906.0,4906,1,,0
ftv47_p3_f90_lL,4906,0.45,8.57,841,4870.7,4918,1.0,4906.0,4906,1,,0
ftv47_p3_f90_lM,4906,0.45,14.35,1868,4870.7,4918,1.0,4906.0,4906,1,,0
ftv47_p5_f50_lH,6854,0.39,31.19,7845,6780.2,6876,1.4,6854.0,6854,1,,0
ftv47_p5_f50_lL,6876,0.32,33.76,13885,6784.0,6876,1.4,6876.0,6876,1,,0
ftv47_p5_f50_lM,6865,0.46,24.61,7960,6788.6,6876,1.3,6865.0,6865,1,,0
ftv47_p5_f70_lH,7812,0.46,7168.82,178049,7580.7,7912,4.4,7723.9,7897,0,2.24,0
ftv47_p5_f70_lL,7829,0.46,7187.94,256800,7585.9,7924,4.5,7760.3,7924,0,2.11,0
ftv47_p5_f70_lM,7827,0.48,7185.20,261535,7592.0,7912,4.2,7748.0,7896,0,1.91,0
ftv47_p5_f90_lH,8226,0.47,7152.64,158539,8049.0,8248,2.5,8164.9,8248,0,1.02,0
ftv47_p5_f90_lL,8226,0.49,7185.68,250392,8056.6,8248,2.4,8200.1,8248,0,0.58,0
ftv47_p5_f90_lM,8226,0.54,7170.05,166509,8051.4,8248,2.4,8177.5,8248,0,0.86,0
att48_p3_f50_lH,24942,0.16,0.75,261,24812.0,25040,0.9,24939.8,24942,1,,0
att48_p3_f50_lL,24954,0.13,0.71,168,24818.0,25229,1.7,24951.8,24954,1,,0
att48_p3_f50_lM,24942,0.12,0.38,114,24807.5,25040,0.9,24942.0,24942,1,,0
att48_p3_f70_lH,26089,0.26,5.29,2876,25859.5,26219,1.4,26086.4,26089,1,,0
att48_p3_f70_lL,26405,0.28,136.06,55569,25885.0,26486,2.3,26402.4,26405,1,,0
att48_p3_f70_lM,26314,0.26,520.71,143497,25883.0,26486,2.3,26314.0,26314,1,,0
att48_p3_f90_lH,29929,0.43,166.46,34405,29627.0,30058,1.5,29926.0,29929,1,,0
att48_p3_f90_lL,29992,0.30,18.73,5266,29627.0,30058,1.5,29989.1,29992,1,,0
att48_p3_f90_lM,29992,0.26,97.74,26507,29613.5,30058,1.5,29989.0,29992,1,,0
att48_p5_f50_lH,40047,0.32,2.80,1442,39817.5,40051,0.6,40043.0,40047,1,,0
att48_p5_f50_lL,40181,0.18,17.56,9119,39819.0,40361,1.4,40181.0,40181,1,,0
att48_p5_f50_lM,40047,0.24,1.17,468,39814.5,40073,0.6,40043.0,40047,1,,0
att48_p5_f70_lH,44198,0.48,5.27,1335,43988.0,44328,0.8,44194.0,44198,1,,0
att48_p5_f70_lL,45095,0.42,7194.73,529261,43994.0,45130,2.6,44952.2,44973,0,0.05,1
att48_p5_f70_lM,44517,0.63,181.73,34204,43994.0,44850,1.9,44512.6,44517,1,,0
att48_p5_f90_lH,50305,1.12,340.43,31228,49912.2,50493,1.2,50300.0,50305,1,,0
att48_p5_f90_lL,50348,0.48,933.04,84538,49912.2,50493,1.2,50348.0,50348,1,,0
att48_p5_f90_lM,50348,0.45,7190.73,413023,49912.2,50493,1.2,50251.0,50493,0,0.48,0
gr48_p3_f50_lH,11846,0.12,0.65,374,11759.0,11876,1.0,11844.9,11846,1,,0
gr48_p3_f50_lL,11880,0.12,3.18,3276,11759.0,11880,1.0,11879.0,11880,1,,0
gr48_p3_f50_lM,11876,0.13,1.12,1076,11759.0,11876,1.0,11875.0,11876,1,,0
gr48_p3_f70_lH,11940,0.00,0.08,0,11940.0,11940,0.0,11940.0,11940,1,,0
gr48_p3_f70_lL,12017,0.11,0.32,95,11940.0,12017,0.6,12017.0,12017,1,,0
gr48_p3_f70_lM,12017,0.13,0.75,296,11940.0,12017,0.6,12016.0,12017,1,,0
gr48_p3_f90_lH,14325,0.27,89.99,29844,14185.6,14365,1.3,14323.6,14325,1,,0
gr48_p3_f90_lL,14398,0.24,7190.82,719961,14131.0,14437,2.2,14329.2,14437,0,0.75,0
gr48_p3_f90_lM,14325,0.24,427.84,108766,14131.0,14437,2.2,14323.6,14325,1,,0
gr48_p5_f50_lH,19216,0.21,1.16,620,19109.0,19230,0.6,19214.4,19216,1,,0
gr48_p5_f50_lL,19230,0.22,1.32,673,19109.0,19230,0.6,19228.5,19230,1,,0
gr48_p5_f50_lM,19230,0.18,0.63,237,19109.0,19230,0.6,19228.3,19230,1,,0
gr48_p5_f70_lH,20451,0.61,12.17,3430,20329.0,20528,1.0,20449.0,20451,1,,0
gr48_p5_f70_lL,20561,0.28,226.19,45015,20329.0,20741,2.0,20558.9,20561,1,,0
gr48_p5_f70_lM,20528,0.44,324.72,99278,20328.5,20528,1.0,20526.0,20528,1,,0
gr48_p5_f90_lH,24027,0.62,7187.74,373913,23837.8,24225,1.6,23976.7,24061,0,0.35,0
gr48_p5_f90_lL,24173,0.64,7188.05,335004,23836.8,24225,1.6,24033.7,24225,0,0.80,0
gr48_p5_f90_lM,24052,0.68,7189.78,456411,23839.8,24225,1.6,23995.4,24068,0,0.30,0
hk48_p3_f50_lH,25876,0.05,0.98,772,25767.0,26144,1.5,25873.4,25876,1,,0
hk48_p3_f50_lL,26026,0.03,7.84,6026,25767.0,26451,2.7,26023.4,26026,1,,0
hk48_p3_f50_lM,25876,0.03,1.37,873,25767.0,26144,1.5,25873.5,25876,1,,0
hk48_p3_f70_lH,29522,0.17,24.55,9466,29151.0,29811,2.3,29519.1,29522,1,,0
hk48_p3_f70_lL,29927,0.13,7186.32,627572,29151.5,30016,3.0,29776.6,29927,0,0.51,0
hk48_p3_f70_lM,29522,0.18,71.22,23079,29151.5,29811,2.3,29519.1,29522,1,,0
hk48_p3_f90_lH,32931,0.33,9.96,3047,32818.0,32986,0.5,32931.0,32931,1,,0
hk48_p3_f90_lL,32940,0.25,12.35,3618,32818.0,32986,0.5,32936.7,32940,1,,0
hk48_p3_f90_lM,32940,0.59,7.32,1773,32818.0,32986,0.5,32936.7,32940,1,,0
hk48_p5_f50_lH,42266,0.29,0.67,145,42157.0,42691,1.3,42262.5,42266,1,,0
hk48_p5_f50_lL,42751,0.22,27.92,13995,42157.0,43019,2.0,42746.7,42751,1,,0
hk48_p5_f50_lM,42266,0.23,0.81,140,42157.0,42721,1.3,42262.2,42266,1,,0
hk48_p5_f70_lH,48862,0.48,7183.47,415866,48223.5,49219,2.1,48807.1,48900,0,0.19,0
hk48_p5_f70_lL,49371,0.57,7188.00,422761,48223.5,49497,2.6,49137.6,49497,0,0.73,0
hk48_p5_f70_lM,48914,0.53,7187.42,334312,48223.0,49219,2.1,48897.5,49219,0,0.66,0
hk48_p5_f90_lH,54270,0.44,203.49,19908,53998.5,54497,0.9,54264.6,54270,1,,0
hk48_p5_f90_lL,54287,0.47,624.90,61002,54037.5,54497,0.9,54285.5,54287,1,,0
hk48_p5_f90_lM,54276,0.55,234.91,37856,54032.0,54497,0.9,54270.6,54276,1,,0
ry48p_p3_f50_lH,28551,0.28,1.21,532,28272.0,28633,1.3,28548.2,28551,1,,0
ry48p_p3_f50_lL,28551,0.19,1.05,398,28254.0,28674,1.5,28548.2,28551,1,,0
ry48p_p3_f50_lM,28551,0.20,0.77,305,28243.1,28633,1.4,28548.3,28551,1,,0
ry48p_p3_f70_lH,36859,0.42,1.79,344,36638.9,37007,1.0,36855.6,36859,1,,0
ry48p_p3_f70_lL,37102,0.49,38.68,11575,36657.6,37215,1.5,37100.9,37102,1,,0
ry48p_p3_f70_lM,36913,0.53,4.07,846,36628.4,37215,1.6,36909.4,36913,1,,0
ry48p_p3_f90_lH,41729,0.33,2.74,482,41546.9,41805,0.6,41729.0,41729,1,,0
ry48p_p3_f90_lL,41737,0.32,3.84,588,41546.9,41805,0.6,41737.0,41737,1,,0
ry48p_p3_f90_lM,41729,0.32,5.11,819,41546.9,41805,0.6,41729.0,41729,1,,0
ry48p_p5_f50_lH,47946,0.39,3.03,1124,47501.6,47946,0.9,47941.2,47946,1,,0
ry48p_p5_f50_lL,48188,0.45,14.13,4134,47542.6,48476,2.0,48185.8,48188,1,,0
ry48p_p5_f50_lM,48165,0.42,24.60,9357,47517.3,48296,1.6,48160.2,48165,1,,0
ry48p_p5_f70_lH,61279,0.46,103.04,17439,60697.9,62256,2.6,61272.9,61279,1,,0
ry48p_p5_f70_lL,61636,0.44,7193.42,505541,60722.6,62256,2.5,61557.0,61958,0,0.65,0
ry48p_p5_f70_lM,61375,0.49,249.47,30912,60719.6,62256,2.5,61368.9,61375,1,,0
ry48p_p5_f90_lH,68810,0.47,103.62,18877,68404.1,68873,0.7,68803.1,68810,1,,0
ry48p_p5_f90_lL,68826,0.55,74.27,10123,68444.5,68873,0.6,68826.0,68826,1,,0
ry48p_p5_f90_lM,68810,0.48,47.60,8006,68404.1,68873,0.7,68805.0,68810,1,,0
eil51_p3_f50_lH,860,0.33,4.66,961,856.0,879,2.7,860.0,860,1,,0
eil51_p3_f50_lL,869,0.26,140.34,64636,855.3,885,3.5,869.0,869,1,,0
eil51_p3_f50_lM,865,0.32,17.28,10241,856.0,879,2.7,865.0,865,1,,0
eil51_p3_f70_lH,1008,0.31,234.28,65745,986.5,1014,2.8,1008.0,1008,1,,0
eil51_p3_f70_lL,1012,0.30,1116.56,227529,986.5,1014,2.8,1012.0,1012,1,,0
eil51_p3_f70_lM,1012,0.31,1458.7,268532,986.5,1014,2.8,1012.0,1012,1,,0
eil51_p3_f90_lH,1212,0.39,1705.52,268715,1198.9,1216,1.4,1212.0,1212,1,,0
eil51_p3_f90_lL,1214,0.37,6887.89,567712,1198.9,1216,1.4,1214.0,1214,1,,0
eil51_p3_f90_lM,1212,0.39,804.77,131889,1198.9,1216,1.4,1212.0,1212,1,,0
eil51_p5_f50_lH,1463,0.44,301.08,58525,1451.5,1484,2.2,1463.0,1463,1,,0
eil51_p5_f50_lL,1475,0.71,7178.98,539622,1452.0,1484,2.2,1467.4,1484,0,1.13,0
eil51_p5_f50_lM,1464,0.81,457.62,82698,1452.0,1484,2.2,1464.0,1464,1,,0
eil51_p5_f70_lH,1730,0.45,7154.79,328230,1696.8,1745,2.8,1710.1,1745,0,2.04,0
eil51_p5_f70_lL,1732,1.14,7180.46,392822,1697.8,1745,2.8,1715.7,1745,0,1.71,0
eil51_p5_f70_lM,1732,0.51,7148.00,273194,1697.1,1745,2.8,1714.3,1745,0,1.79,0
eil51_p5_f90_lH,2049,0.76,7170.25,182434,2021.8,2053,1.5,2037.8,2051,0,0.65,0
eil51_p5_f90_lL,2053,0.51,7159.37,193007,2021.8,2053,1.5,2037.8,2053,0,0.74,0
eil51_p5_f90_lM,2049,0.71,7159.01,169136,2021.8,2053,1.5,2039.5,2053,0,0.66,0
berlin52_p3_f50_lH,16833,0.26,2.31,1017,16687.0,16855,1.0,16831.5,16833,1,,0
berlin52_p3_f50_lL,16833,0.22,1.18,398,16687.0,16855,1.0,16831.6,16833,1,,0
berlin52_p3_f50_lM,16833,0.25,2.68,1049,16687.0,16855,1.0,16831.3,16833,1,,0
berlin52_p3_f70_lH,19402,0,0.05,0,19402.0,19402,0.0,19402.0,19402,1,,0
berlin52_p3_f70_lL,19402,0,0.05,0,19402.0,19402,0.0,19402.0,19402,1,,0
berlin52_p3_f70_lM,19402,0,0.06,0,19402.0,19402,0.0,19402.0,19402,1,,0
berlin52_p3_f90_lH,21479,0,0.19,0,21479.0,21479,0.0,21479.0,21479,1,,0
berlin52_p3_f90_lL,21479,0,0.34,1,21479.0,21479,0.0,21479.0,21479,1,,0
berlin52_p3_f90_lM,21479,0.33,0.34,3,21474.0,21479,0.0,21479.0,21479,1,,0
berlin52_p5_f50_lH,29313,0.39,22.59,7778,29141.5,29359,0.7,29310.1,29313,1,,0
berlin52_p5_f50_lL,29352,0.36,33.93,9679,29142.5,29435,1.0,29349.1,29352,1,,0
berlin52_p5_f50_lM,29313,0.32,13.47,2103,29141.5,29359,0.7,29313.0,29313,1,,0
berlin52_p5_f70_lH,32555,0.53,45.7,9264,32287.0,32555,0.8,32551.8,32555,1,,0
berlin52_p5_f70_lL,32702,0.58,228.46,35515,32287.0,32702,1.3,32698.7,32702,1,,0
berlin52_p5_f70_lM,32555,0.44,63.25,12538,32287.0,32555,0.8,32551.7,32555,1,,0
berlin52_p5_f90_lH,37058,0.45,2.05,224,37008.0,37058,0.1,37054.3,37058,1,,0
berlin52_p5_f90_lL,37058,0.88,1.27,19,36991.5,37058,0.2,37058.0,37058,1,,0
berlin52_p5_f90_lM,37058,0.49,3.31,632,36991.5,37058,0.2,37055.0,37058,1,,0
ft53_p3_f50_lH,16812,0.51,2.26,368,16697.5,17280,3.5,16810.3,16812,1,,0
ft53_p3_f50_lL,16936,0.48,13.12,3545,16695.2,17280,3.5,16934.3,16936,1,,0
ft53_p3_f50_lM,16875,0.33,6.29,1583,16696.8,17280,3.5,16873.3,16875,1,,0
ft53_p3_f70_lH,18717,0.52,500.08,40176,18500.8,18901,2.2,18715.1,18717,1,,0
ft53_p3_f70_lL,18834,0.5,7167.29,282447,18500.3,18901,2.2,18804.5,18884,0,0.42,0
ft53_p3_f70_lM,18811,0.47,7075.61,263288,18500.8,18901,2.2,18789.1,18826,0,0.20,0
ft53_p3_f90_lH,20172,0.93,95.19,13223,19998.4,20172,0.9,20170.0,20172,1,,0
ft53_p3_f90_lL,20172,0.75,155.38,30222,20004.3,20172,0.8,20170.0,20172,1,,0
ft53_p3_f90_lM,20172,1.01,137.78,15221,19993.8,20172,0.9,20170.0,20172,1,,0
ft53_p5_f50_lH,27696,0.45,7177.74,201133,26524.9,27869,5.1,26967.0,27838,0,3.23,0
ft53_p5_f50_lL,27696,0.47,7184.41,220663,26552.1,27869,5.0,27089.1,27865,0,2.86,0
ft53_p5_f50_lM,27696,0.39,7179.09,210634,26564.0,27869,4.9,27055.6,27838,0,2.89,0
ft53_p5_f70_lH,29729,0.48,321.17,30281,29521.9,30044,1.8,29728.0,29729,1,,0
ft53_p5_f70_lL,29791,0.56,216.85,24403,29537.7,30044,1.7,29788.0,29791,1,,0
ft53_p5_f70_lM,29732,0.48,127.61,15155,29527.9,30044,1.7,29729.0,29732,1,,0
ft53_p5_f90_lH,33719,0.86,749.37,66563,33496.2,33719,0.7,33715.6,33719,1,,0
ft53_p5_f90_lL,33719,1.01,206.87,24229,33504.7,33719,0.6,33715.6,33719,1,,0
ft53_p5_f90_lM,33719,1.24,485.36,43210,33486.6,33719,0.7,33715.6,33719,1,,0
ftv55_p3_f50_lH,3879,0.66,668.3,82599,3799.2,3894,2.5,3879.0,3879,1,,0
ftv55_p3_f50_lL,3892,0.56,254.83,52306,3793.0,3947,4.1,3892.0,3892,1,,0
ftv55_p3_f50_lM,3892,0.52,1556.39,225278,3795.5,3894,2.6,3892.0,3892,1,,0
ftv55_p3_f70_lH,4223,0.39,2.27,283,4184.8,4258,1.8,4223.0,4223,1,,0
ftv55_p3_f70_lL,4223,0.31,1.51,149,4188.7,4258,1.7,4223.0,4223,1,,0
ftv55_p3_f70_lM,4223,0.41,2.73,237,4190.5,4258,1.6,4223.0,4223,1,,0
ftv55_p3_f90_lH,4619,0.86,20.28,963,4589.8,4657,1.5,4619.0,4619,1,,0
ftv55_p3_f90_lL,4657,0.93,85.15,11913,4589.9,4657,1.5,4657.0,4657,1,,0
ftv55_p3_f90_lM,4619,1.22,7.36,405,4592.3,4657,1.4,4619.0,4619,1,,0
ftv55_p5_f50_lH,5851,0.6,4.51,545,5805.1,5851,0.8,5851.0,5851,1,,0
ftv55_p5_f50_lL,5851,0.58,2.59,402,5806.7,5851,0.8,5851.0,5851,1,,0
ftv55_p5_f50_lM,5851,0.36,2.49,491,5800.1,5851,0.9,5851.0,5851,1,,0
ftv55_p5_f70_lH,7510,0.79,7090.5,88364,7116.1,7539,5.9,7202.6,7539,0,4.67,0
ftv55_p5_f70_lL,7510,0.73,7157,109752,7126.7,7595,6.6,7251.2,7595,0,4.74,0
ftv55_p5_f70_lM,7510,0.86,7114.74,87854,7116.1,7595,6.7,7227.3,7595,0,5.09,0
ftv55_p5_f90_lH,7814,0.88,7097.64,112955,7692.3,7930,3.1,7787.9,7930,0,1.82,0
ftv55_p5_f90_lL,7930,1.03,7128.8,221950,7695.4,7930,3.0,7777.9,7930,0,1.96,0
ftv55_p5_f90_lM,7814,0.83,7134.06,137215,7692.3,7930,3.1,7795.5,7930,0,1.73,0
brazil58_p3_f50_lH,60383,0.17,0.17,1,60347.0,60383,0.1,60383.0,60383,1,,0
brazil58_p3_f50_lL,60492,0.22,0.76,285,60347.0,60581,0.4,60486.0,60492,1,,0
brazil58_p3_f50_lM,60383,0.2,0.19,1,60347.0,60383,0.1,60383.0,60383,1,,0
brazil58_p3_f70_lH,70754,0.32,0.33,3,70730.0,70784,0.1,70754.0,70754,1,,0
brazil58_p3_f70_lL,70931,0.33,11.91,3964,70724.5,71050,0.5,70923.9,70931,1,,0
brazil58_p3_f70_lM,70766,0.33,0.78,46,70730.0,70951,0.3,70761.0,70766,1,,0
brazil58_p3_f90_lH,72267,0.31,0.33,5,72189.0,72300,0.2,72267.0,72267,1,,0
brazil58_p3_f90_lL,72267,0.31,0.58,48,72189.0,72300,0.2,72267.0,72267,1,,0
brazil58_p3_f90_lM,72267,0.33,0.44,9,72189.0,72298,0.2,72263.0,72267,1,,0
brazil58_p5_f50_lH,105657,0.28,0.4,20,105571.0,105664,0.1,105657.0,105657,1,,0
brazil58_p5_f50_lL,105762,0.33,0.85,184,105571.0,105762,0.2,105752.5,105762,1,,0
brazil58_p5_f50_lM,105657,0.21,0.22,12,105571.0,105762,0.2,105657.0,105657,1,,0
brazil58_p5_f70_lH,114638,0.47,0.67,45,114493.7,114638,0.1,114635.0,114638,1,,0
brazil58_p5_f70_lL,115087,1.43,7178.15,463236,114418.5,115097,0.6,115072.0,115087,0,0.01,0
brazil58_p5_f70_lM,114638,0.72,2.38,266,114475.0,114969,0.4,114627.3,114638,1,,0
brazil58_p5_f90_lH,122826,0.7,1,13,122772.0,122956,0.1,122826.0,122826,1,,0
brazil58_p5_f90_lL,122923,0.93,2.28,114,122731.5,122956,0.2,122923.0,122923,1,,0
brazil58_p5_f90_lM,122826,0.7,7.01,573,122772.0,122956,0.1,122826.0,122826,1,,0
ftv64_p3_f50_lH,4490,0.79,7174.75,395297,4196.6,4466,6.4,4332.5,4349,0,0.38,1
ftv64_p3_f50_lL,4511,0.75,7181.86,482544,4197.4,4466,6.4,4351.1,4359,0,0.18,1
ftv64_p3_f50_lM,4490,0.82,7182.02,479401,4201.9,4466,6.3,4340.1,4353,0,0.30,1
ftv64_p3_f70_lH,4968,1.4,7175.42,325062,4897.5,4986,1.8,4964.5,4968,0,0.07,0
ftv64_p3_f70_lL,4988,1.73,6726.5,345849,4897.5,4986,1.8,4977.0,4977,1,,1
ftv64_p3_f70_lM,4971,1.25,3431.86,211358,4897.5,4986,1.8,4971.0,4971,1,,0
ftv64_p3_f90_lH,5375,0.75,4.68,368,5342.1,5412,1.3,5375.0,5375,1,,0
ftv64_p3_f90_lL,5375,0.72,13.7,733,5344.3,5412,1.3,5375.0,5375,1,,0
ftv64_p3_f90_lM,5375,0.84,2.69,198,5342.3,5412,1.3,5375.0,5375,1,,0
ftv64_p5_f50_lH,7436,1.1,7057.85,139719,7218.8,7582,5.0,7338.5,7582,0,3.32,0
ftv64_p5_f50_lL,7436,0.79,7179.88,237561,7215.2,7582,5.1,7372.0,7582,0,2.85,0
ftv64_p5_f50_lM,7436,1.63,7160.56,168736,7220.6,7582,5.0,7356.9,7582,0,3.06,0
ftv64_p5_f70_lH,8408,1.88,7088.61,116015,8174.2,8425,3.1,8262.9,8425,0,1.96,0
ftv64_p5_f70_lL,8417,2.03,7175.44,172570,8177.5,8425,3.0,8290.8,8425,0,1.62,0
ftv64_p5_f70_lM,8411,1.91,7136.81,138358,8174.2,8425,3.1,8263.4,8425,0,1.96,0
ftv64_p5_f90_lH,8936,2.16,7144.5,147299,8777.9,8956,2.0,8870.2,8956,0,0.97,0
ftv64_p5_f90_lL,8936,2.68,7156.4,165259,8771.4,8956,2.1,8886.2,8956,0,0.78,0
ftv64_p5_f90_lM,8936,1.74,7135.72,142339,8785.2,8956,1.9,8877.8,8956,0,0.88,0
ft70_p3_f50_lH,69274,0.47,6553.16,128300,68914.1,74529,8.1,69185.0,73647,0,6.45,0
ft70_p3_f50_lL,70695,0.4,6696,120800,68914.2,74020,7.4,69203.7,73925,0,6.82,0
ft70_p3_f50_lM,70271,0.37,6491.01,121659,68914.2,74020,7.4,69185.5,73496,0,6.23,0
ft70_p3_f70_lH,92383,0.61,6672.8,77070,89922.7,91776,2.1,90241.0,91775,0,1.70,1
ft70_p3_f70_lL,92383,0.63,6807.74,99683,89940.5,91776,2.0,90391.1,91776,0,1.53,1
ft70_p3_f70_lM,92383,0.5,6756.39,82089,89922.7,91776,2.1,90260.4,91740,0,1.64,1
ft70_p3_f90_lH,102314,0.48,6644.29,71745,100474.5,102377,1.9,100769.2,102377,0,1.60,0
ft70_p3_f90_lL,102431,0.44,6770.81,73245,100474.5,102377,1.9,100825.3,102377,0,1.54,1
ft70_p3_f90_lM,102384,0.57,6698.69,74428,100474.5,102377,1.9,100782.0,102377,0,1.58,1
ft70_p5_f50_lH,112290,0.87,7037.59,139873,109037.4,117390,7.7,109464.0,117390,0,7.24,0
ft70_p5_f50_lL,113717,0.6,7119.21,161047,109065.0,118915,9.0,109573.5,118764,0,8.39,0
ft70_p5_f50_lM,112957,0.79,7074.28,151631,109041.3,117547,7.8,109520.4,117388,0,7.18,0
ft70_p5_f70_lH,149092,1.11,7027.26,116983,144999.9,152051,4.9,145326.5,151963,0,4.57,0
ft70_p5_f70_lL,151410,0.96,7071.91,108871,144994.9,151532,4.5,145376.1,151350,0,4.11,1
ft70_p5_f70_lM,149692,1.62,7026.57,120659,144992.0,152051,4.9,145340.5,151689,0,4.37,0
ft70_p5_f90_lH,176071,0.54,6935.99,86367,173650.9,176843,1.8,173980.3,176518,0,1.46,0
ft70_p5_f90_lL,176552,0.62,893.72,22621,173665.1,176843,1.8,173987.6,176843,0,1.64,0
ft70_p5_f90_lM,176071,1.05,7051.72,97378,173653.4,176843,1.8,174047.5,176387,0,1.34,0
ftv70_p3_f50_lH,4835,0.44,6970.62,148444,4698.5,4904,4.4,4785.2,4904,0,2.48,0
ftv70_p3_f50_lL,4911,0.44,7140,280641,4698.5,4904,4.4,4814.7,4904,0,1.85,1
ftv70_p3_f50_lM,4904,0.44,7053.06,172117,4698.5,4904,4.4,4793.0,4904,0,2.32,0
ftv70_p3_f70_lH,5302,0.88,6741.61,91000,5085.5,5280,3.8,5152.3,5280,0,2.48,1
ftv70_p3_f70_lL,5302,1.69,6142.85,141131,5089.0,5280,3.8,5180.0,5180,1,,1
ftv70_p3_f70_lM,5302,0.71,6997.55,118971,5086.0,5280,3.8,5167.2,5243,0,1.47,1
ftv70_p3_f90_lH,5808,0.53,312.47,33339,5744.9,5808,1.1,5808.0,5808,1,,0
ftv70_p3_f90_lL,5808,0.53,135.9,16199,5744.9,5808,1.1,5808.0,5808,1,,0
ftv70_p3_f90_lM,5808,0.53,174.53,22154,5744.9,5808,1.1,5808.0,5808,1,,0
ftv70_p5_f50_lH,7072,0.54,5434.26,153384,6940.8,7269,4.7,7072.0,7072,1,,0
ftv70_p5_f50_lL,7431,0.74,7179.64,269344,6958.6,7325,5.3,7118.2,7325,0,2.91,1
ftv70_p5_f50_lM,7353,0.73,7174.93,225374,6942.1,7269,4.7,7093.0,7269,0,2.48,1
ftv70_p5_f70_lH,8629,0.84,6982.05,93932,8262.6,8672,5.0,8358.1,8672,0,3.76,0
ftv70_p5_f70_lL,8729,0.76,7093.23,124800,8262.6,8732,5.7,8370.7,8732,0,4.32,0
ftv70_p5_f70_lM,8636,1.34,7055.04,112379,8262.6,8672,5.0,8367.6,8672,0,3.64,0
ftv70_p5_f90_lH,9208,0.7,7055.17,93730,9076.3,9255,2.0,9158.8,9255,0,1.05,0
ftv70_p5_f90_lL,9220,0.85,7046.1,94527,9077.7,9255,2.0,9166.5,9255,0,0.97,0
ftv70_p5_f90_lM,9220,0.9,7064.17,91068,9077.7,9255,2.0,9162.0,9255,0,1.02,0
st70_p3_f50_lH,1493,0.23,0.36,45,1485.0,1498,0.9,1493.0,1493,1,,0
st70_p3_f50_lL,1506,0.41,7.85,3394,1487.5,1520,2.2,1506.0,1506,1,,0
st70_p3_f50_lM,1498,0.18,1.76,502,1485.0,1515,2.0,1498.0,1498,1,,0
st70_p3_f70_lH,1690,0.25,5.84,975,1683.0,1703,1.2,1690.0,1690,1,,0
st70_p3_f70_lL,1701,0.27,389.34,102042,1683.0,1703,1.2,1701.0,1701,1,,0
st70_p3_f70_lM,1698,0.27,166.23,43107,1683.0,1703,1.2,1698.0,1698,1,,0
st70_p3_f90_lH,1936,0.39,198.27,42309,1921.5,1940,1.0,1936.0,1936,1,,0
st70_p3_f90_lL,1940,0.39,1155.59,183470,1921.5,1940,1.0,1940.0,1940,1,,0
st70_p3_f90_lM,1938,0.39,1323.18,196768,1921.5,1940,1.0,1938.0,1938,1,,0
st70_p5_f50_lH,2385,0.55,1.23,197,2378.0,2393,0.6,2385.0,2385,1,,0
st70_p5_f50_lL,2392,0.38,15.48,5002,2379.0,2411,1.3,2392.0,2392,1,,0
st70_p5_f50_lM,2385,0.51,0.97,65,2378.5,2393,0.6,2385.0,2385,1,,0
st70_p5_f70_lH,2802,0.63,7184.03,349807,2766.9,2823,2.0,2790.0,2822,0,1.15,0
st70_p5_f70_lL,2821,0.69,7191.73,495520,2766.9,2823,2.0,2791.1,2823,0,1.14,0
st70_p5_f70_lM,2821,0.7,7182.44,394956,2766.9,2823,2.0,2788.0,2823,0,1.26,0
st70_p5_f90_lH,3238,0.84,7192.19,424208,3216.1,3243,0.8,3235.7,3239,0,0.10,0
st70_p5_f90_lL,3243,0.8,7191.61,435812,3216.1,3243,0.8,3237.4,3243,0,0.17,0
st70_p5_f90_lM,3243,0.8,7190.09,464346,3216.1,3243,0.8,3235.7,3243,0,0.22,0
eil76_p3_f50_lH,1084,0.44,843.37,152680,1068.5,1096,2.6,1084.0,1084,1,,0
eil76_p3_f50_lL,1085,0.55,2890.34,431295,1068.5,1096,2.6,1085.0,1085,1,,0
eil76_p3_f50_lM,1084,0.41,891.44,171559,1068.5,1096,2.6,1084.0,1084,1,,0
eil76_p3_f70_lH,1383,0.48,7035.44,155517,1362.5,1404,3.0,1371.4,1403,0,2.31,0
eil76_p3_f70_lL,1390,0.51,7070.98,195946,1361.5,1404,3.1,1371.0,1403,0,2.33,0
eil76_p3_f70_lM,1390,0.49,7118.87,221412,1361.5,1404,3.1,1371.8,1399,0,1.98,0
eil76_p3_f90_lH,1490,0.8,7184.25,248179,1473.0,1493,1.4,1481.5,1493,0,0.78,0
eil76_p3_f90_lL,1495,0.67,7176.87,280803,1473.0,1493,1.4,1481.5,1493,0,0.78,1
eil76_p3_f90_lM,1490,0.81,7175.85,263733,1473.0,1493,1.4,1482.0,1493,0,0.74,0
eil76_p5_f50_lH,1859,0.45,7160.03,291071,1838.1,1885,2.6,1851.6,1875,0,1.26,0
eil76_p5_f50_lL,1875,0.45,7173.33,377863,1838.1,1885,2.6,1852.2,1880,0,1.50,0
eil76_p5_f50_lM,1866,0.34,7166.61,313279,1836.5,1885,2.6,1851.1,1881,0,1.61,0
eil76_p5_f70_lH,2264,1.21,6875.12,141255,2163.5,2278,5.3,2171.0,2278,0,4.93,0
eil76_p5_f70_lL,2270,2.81,6837.86,130873,2164.0,2285,5.6,2172.5,2285,0,5.18,0
eil76_p5_f70_lM,2264,1.15,6837.01,146548,2164.0,2285,5.6,2172.3,2285,0,5.19,0
eil76_p5_f90_lH,2533,1.29,7015.68,120938,2488.3,2536,1.9,2495.7,2536,0,1.62,0
eil76_p5_f90_lL,2535,1.93,7000.23,123812,2488.3,2536,1.9,2496.2,2536,0,1.60,0
eil76_p5_f90_lM,2535,1.53,6985.99,115651,2488.3,2536,1.9,2495.0,2536,0,1.64,0
pr76_p3_f50_lH,262328,0.26,7183.46,518388,256452.0,264926,3.3,259320.5,263000,0,1.42,0
pr76_p3_f50_lL,264870,0.28,7183.23,487813,256453.5,264926,3.3,260646.8,264926,0,1.64,0
pr76_p3_f50_lM,264047,0.26,7194.01,495614,256452.0,264926,3.3,259444.0,264926,0,2.11,0
pr76_p3_f70_lH,267477,0.17,7189.15,705953,259969.0,269092,3.5,263587.5,267613,0,1.53,0
pr76_p3_f70_lL,272766,0.19,6435.9,533606,259969.0,269092,3.5,263841.4,269092,0,1.99,1
pr76_p3_f70_lM,269014,0.17,7189.07,628987,259969.0,269092,3.5,263659.9,269027,0,2.04,0
pr76_p3_f90_lH,309035,0.65,7221.81,406153,303903.8,310532,2.2,306689.1,310532,0,1.25,0
pr76_p3_f90_lL,310308,0.67,7168.01,421662,303903.8,310532,2.2,306907.0,310532,0,1.18,0
pr76_p3_f90_lM,310308,0.65,7189.71,469200,303903.8,310532,2.2,306578.6,310532,0,1.29,0
pr76_p5_f50_lH,401184,0.25,7166.47,371914,391659.2,402409,2.7,395920.0,402409,0,1.64,0
pr76_p5_f50_lL,411239,0.33,7116.98,286896,391659.2,408987,4.4,396070.2,408987,0,3.26,1
pr76_p5_f50_lM,402278,0.25,7175.82,403802,391659.2,403319,3.0,395870.0,403319,0,1.88,0
pr76_p5_f70_lH,462038,0.41,7146.21,322563,450673.5,463580,2.9,453775.8,463580,0,2.16,0
pr76_p5_f70_lL,467752,0.47,7136.04,314435,450673.5,463580,2.9,454106.8,463580,0,2.09,1
pr76_p5_f70_lM,462858,0.48,7154.27,375025,450673.5,463580,2.9,454501.0,463580,0,2.00,0
pr76_p5_f90_lH,534827,1.23,7154.66,208216,521383.5,535921,2.8,523478.8,535921,0,2.38,0
pr76_p5_f90_lL,535921,1.23,7114.54,219010,521383.5,535921,2.8,523504.8,535921,0,2.37,0
pr76_p5_f90_lM,535921,1.24,7153.83,229886,521383.5,535921,2.8,523213.3,535921,0,2.43,0
gr96_p3_f50_lH,120388,0.42,49.2,11212,119496.0,121408,1.6,120376.0,120388,1,,0
gr96_p3_f50_lL,120412,0.42,54.67,13542,119496.0,121408,1.6,120400.0,120412,1,,0
gr96_p3_f50_lM,120412,0.42,45.52,12304,119496.0,121408,1.6,120400.0,120412,1,,0
gr96_p3_f70_lH,143259,0.62,5723.72,393856,142034.1,145497,2.4,143244.7,143259,1,,0
gr96_p3_f70_lL,145859,1.21,7157.91,245270,142100.0,146232,2.9,143224.9,146232,0,2.10,0
gr96_p3_f70_lM,143259,0.62,3377.83,257941,142034.1,145497,2.4,143244.7,143259,1,,0
gr96_p3_f90_lH,159376,0.75,718.44,54128,158469.2,160332,1.2,159360.1,159376,1,,0
gr96_p3_f90_lL,159763,1.39,7184.48,274336,158479.5,160332,1.2,159674.1,160332,0,0.41,0
gr96_p3_f90_lM,159376,1.62,743.3,45969,158479.5,160332,1.2,159360.1,159376,1,,0
gr96_p5_f50_lH,205028,0.65,18.88,2462,204127.0,207094,1.5,205014.5,205028,1,,0
gr96_p5_f50_lL,205579,0.68,7189.93,411580,204217.0,209724,2.7,205450.0,205687,0,0.12,0
gr96_p5_f50_lM,205467,0.76,1269.07,189060,204127.0,207094,1.5,205467.0,205467,1,,0
gr96_p5_f70_lH,236903,1.04,7176.33,259161,234717.0,239153,1.9,236029.9,238551,0,1.07,0
gr96_p5_f70_lL,237765,1.08,7151.39,250254,234717.0,239153,1.9,235912.8,238863,0,1.25,0
gr96_p5_f70_lM,237765,1.03,7152.61,244179,234717.0,239153,1.9,236005.3,238863,0,1.21,0
gr96_p5_f90_lH,256752,1.47,7171.6,195294,254629.4,257791,1.2,255527.5,257791,0,0.89,0
gr96_p5_f90_lL,257791,1.58,7172.32,209404,254629.4,257791,1.2,255537.1,257791,0,0.88,0
gr96_p5_f90_lM,256825,1.72,7177.05,212375,254629.4,257791,1.2,255535.0,257791,0,0.88,0
rat99_p3_f50_lH,2829,0.49,634.63,119630,2810.3,2914,3.7,2829.0,2829,1,,0
rat99_p3_f50_lL,2836,0.47,2012.41,174105,2810.3,2914,3.7,2836.0,2836,1,,0
rat99_p3_f50_lM,2831,0.47,2247.59,206884,2810.3,2914,3.7,2831.0,2831,1,,0
rat99_p3_f70_lH,3124,0.97,5017.77,316821,3095.8,3152,1.8,3124.0,3124,1,,0
rat99_p3_f70_lL,3124,0.92,2651.63,364233,3095.8,3152,1.8,3124.0,3124,1,,0
rat99_p3_f70_lM,3124,1,7198.99,572195,3095.8,3152,1.8,3122.8,3124,0,0.04,0
rat99_p3_f90_lH,3416,1.15,89.52,6273,3407.5,3440,1.0,3416.0,3416,1,,0
rat99_p3_f90_lL,3436,1.06,7187.93,368030,3407.5,3440,1.0,3428.2,3440,0,0.34,0
rat99_p3_f90_lM,3427,1.38,2869.42,220081,3407.5,3440,1.0,3427.0,3427,1,,0
rat99_p5_f50_lH,4666,0.76,7132.78,195307,4383.3,4571,4.3,4412.8,4523,0,2.50,1
rat99_p5_f50_lL,4666,0.63,7101.63,209583,4381.7,4571,4.3,4415.3,4565,0,3.39,1
rat99_p5_f50_lM,4666,0.62,7100.45,170098,4381.7,4571,4.3,4417.7,4571,0,3.47,1
rat99_p5_f70_lH,5374,1.31,7066.84,118960,5240.5,5391,2.9,5259.1,5391,0,2.51,0
rat99_p5_f70_lL,5377,3.31,7039.92,142839,5239.5,5391,2.9,5265.5,5391,0,2.38,0
rat99_p5_f70_lM,5377,1.26,7070.12,152689,5238.3,5391,2.9,5262.3,5391,0,2.45,0
rat99_p5_f90_lH,5945,2.5,7197.61,230123,5928.3,5966,0.6,5944.3,5966,0,0.36,0
rat99_p5_f90_lL,5946,1.51,7189.6,228442,5922.3,5966,0.7,5940.6,5966,0,0.43,0
rat99_p5_f90_lM,5946,1.77,7193.04,243824,5922.3,5966,0.7,5944.0,5966,0,0.37,0
kroA100_p3_f50_lH,50414,0,0.4,0,50414.0,50414,0.0,50414.0,50414,1,,0
kroA100_p3_f50_lL,50560,0.47,1.69,138,50395.0,50560,0.3,50555.0,50560,1,,0
kroA100_p3_f50_lM,50552,0.48,3.15,379,50395.0,50654,0.5,50552.0,50552,1,,0
kroA100_p3_f70_lH,54326,1.05,239.78,46521,54022.1,54533,0.9,54324.6,54326,1,,0
kroA100_p3_f70_lL,54326,0.98,104.58,18279,54022.1,54533,0.9,54320.6,54326,1,,0
kroA100_p3_f70_lM,54326,0.98,101.45,18705,54022.1,54533,0.9,54326.0,54326,1,,0
kroA100_p3_f90_lH,61835,1.89,1742.23,156012,61474.4,61946,0.8,61828.8,61835,1,,0
kroA100_p3_f90_lL,61840,1.89,2787.42,257696,61474.4,61946,0.8,61840.0,61840,1,,0
kroA100_p3_f90_lM,61835,1.88,1958.5,193823,61474.4,61946,0.8,61835.0,61835,1,,0
kroA100_p5_f50_lH,80924,1.02,7190.66,380243,79937.3,81254,1.6,80558.6,81254,0,0.86,0
kroA100_p5_f50_lL,80971,0.96,5005.55,419597,80140.5,81304,1.5,80962.9,80971,1,,0
kroA100_p5_f50_lM,80966,1.28,7193.06,384372,79937.3,81254,1.6,80666.5,81177,0,0.63,0
kroA100_p5_f70_lH,91144,1.91,7197.57,216830,90144.1,91568,1.6,90471.5,91468,0,1.10,0
kroA100_p5_f70_lL,91161,1.67,7177.41,257251,89910.9,91568,1.8,90556.8,91559,0,1.11,0
kroA100_p5_f70_lM,91161,2.03,7175.21,217947,90144.1,91568,1.6,90596.8,91468,0,0.96,0
kroA100_p5_f90_lH,101516,3.21,7200.42,264084,100969.9,101706,0.7,101384.9,101706,0,0.32,0
kroA100_p5_f90_lL,101581,3.24,7194.01,226468,100969.9,101706,0.7,101391.8,101706,0,0.31,0
kroA100_p5_f90_lM,101516,3.24,7195.73,237543,100969.9,101706,0.7,101417.3,101706,0,0.28,0
kroB100_p3_f50_lH,53187,0.56,27.6,5134,52810.5,53676,1.6,53181.7,53187,1,,0
kroB100_p3_f50_lL,53187,0.65,46.32,9011,52810.5,53676,1.6,53181.7,53187,1,,0
kroB100_p3_f50_lM,53187,0.59,34.07,7158,52810.5,53676,1.6,53181.8,53187,1,,0
kroB100_p3_f70_lH,55951,1.11,1810.02,199065,55471.5,56115,1.2,55945.4,55951,1,,0
kroB100_p3_f70_lL,55965,1.53,5698.15,510202,55472.5,56163,1.2,55959.4,55965,1,,0
kroB100_p3_f70_lM,55951,0.79,7198.37,437020,55486.3,56115,1.1,55873.0,56115,0,0.43,0
kroB100_p3_f90_lH,65095,1.4,7200.68,355954,64302.1,65109,1.3,64654.3,65109,0,0.70,0
kroB100_p3_f90_lL,65095,1.86,7202.57,315834,64404.9,65109,1.1,64875.6,65109,0,0.36,0
kroB100_p3_f90_lM,65095,1.86,7204.54,315569,64404.9,65109,1.1,64852.1,65109,0,0.40,0
kroB100_p5_f50_lH,81066,0.96,7188.49,347819,80390.5,81640,1.6,80949.2,81565,0,0.76,0
kroB100_p5_f50_lL,81208,2.45,7186.08,345488,80376.0,81640,1.6,81047.8,81640,0,0.73,0
kroB100_p5_f50_lM,81208,1.26,7182.61,314040,80390.5,81640,1.6,80959.7,81640,0,0.84,0
kroB100_p5_f70_lH,95121,2.5,7088.95,130797,93063.5,95484,2.6,93465.5,95318,0,1.98,0
kroB100_p5_f70_lL,95691,2.44,7095.33,134644,93063.5,95484,2.6,93515.3,95454,0,2.07,1
kroB100_p5_f70_lM,95121,2.44,7096.01,130835,93063.5,95484,2.6,93528.4,95448,0,2.05,0
kroB100_p5_f90_lH,104575,3.74,7182.94,144843,102838.3,104608,1.7,103152.9,104608,0,1.41,0
kroB100_p5_f90_lL,104580,3.79,7165.19,136863,102838.3,104608,1.7,103179.1,104608,0,1.38,0
kroB100_p5_f90_lM,104580,3.71,7182.8,166082,102838.3,104608,1.7,103094.4,104608,0,1.47,0
kroC100_p3_f50_lH,50192,0.37,3.16,174,50001.0,50812,1.6,50188.0,50192,1,,0
kroC100_p3_f50_lL,50676,0.38,398.53,93400,50001.0,50812,1.6,50670.9,50676,1,,0
kroC100_p3_f50_lM,50567,0.43,125.68,30537,50001.0,50812,1.6,50561.9,50567,1,,0
kroC100_p3_f70_lH,54682,0.61,10.11,807,54482.7,54851,0.7,54680.5,54682,1,,0
kroC100_p3_f70_lL,54682,0.64,5.84,561,54482.7,54851,0.7,54676.8,54682,1,,0
kroC100_p3_f70_lM,54682,0.61,11.38,1714,54482.7,54851,0.7,54676.6,54682,1,,0
kroC100_p3_f90_lH,60654,1.34,22.09,1545,60383.0,60680,0.5,60648.0,60654,1,,0
kroC100_p3_f90_lL,60654,1.34,24.22,1928,60383.0,60680,0.5,60654.0,60654,1,,0
kroC100_p3_f90_lM,60654,1.32,18.55,1562,60383.0,60680,0.5,60648.0,60654,1,,0
kroC100_p5_f50_lH,83706,1.22,7194.99,373518,82991.5,83818,1.0,83644.5,83718,0,0.09,0
kroC100_p5_f50_lL,83818,0.77,593.94,87194,82991.5,83818,1.0,83809.6,83818,1,,0
kroC100_p5_f50_lM,83794,0.96,7194.5,709114,82991.5,83818,1.0,83751.2,83818,0,0.08,0
kroC100_p5_f70_lH,90060,1.66,93.57,3268,89905.5,90734,0.9,90060.0,90060,1,,0
kroC100_p5_f70_lL,90717,2.85,7191.19,368834,89885.0,90734,0.9,90417.8,90734,0,0.35,0
kroC100_p5_f70_lM,90288,1.71,2917.44,256204,89917.4,90734,0.9,90288.0,90288,1,,0
kroC100_p5_f90_lH,100054,2.29,5340.58,298096,99497.5,100060,0.6,100047.5,100054,1,,0
kroC100_p5_f90_lL,100054,2.32,5329.3,305500,99497.5,100060,0.6,100044.0,100054,1,,0
kroC100_p5_f90_lM,100054,2.29,7196.9,386450,99497.5,100060,0.6,100042.0,100060,0,0.02,0
kroD100_p3_f50_lH,50399,0.67,24.48,3955,50158.0,50797,1.3,50398.0,50399,1,,0
kroD100_p3_f50_lL,50399,0.71,31.51,6546,50158.0,50797,1.3,50394.0,50399,1,,0
kroD100_p3_f50_lM,50399,0.66,78.51,12267,50158.0,50797,1.3,50394.0,50399,1,,0
kroD100_p3_f70_lH,56574,0.67,2186.13,189838,55987.5,56713,1.3,56568.3,56574,1,,0
kroD100_p3_f70_lL,56574,0.67,4010.14,334939,55987.5,56713,1.3,56568.3,56574,1,,0
kroD100_p3_f70_lM,56574,0.67,2689.15,274560,55987.5,56713,1.3,56570.7,56574,1,,0
kroD100_p3_f90_lH,60773,1.42,117.49,9147,60493.8,60861,0.6,60768.5,60773,1,,0
kroD100_p3_f90_lL,60773,1.12,716.1,71934,60429.8,60861,0.7,60770.9,60773,1,,0
kroD100_p3_f90_lM,60773,1.4,113.4,9497,60493.8,60861,0.6,60768.5,60773,1,,0
kroD100_p5_f50_lH,79900,1.59,16.73,1948,79654.0,80327,0.8,79892.0,79900,1,,0
kroD100_p5_f50_lL,80406,1.3,7189.11,492003,79630.5,80465,1.0,80263.5,80465,0,0.25,0
kroD100_p5_f50_lM,79900,1.95,34.46,3700,79630.5,80442,1.0,79896.2,79900,1,,0
kroD100_p5_f70_lH,91634,1.57,7206.33,255793,91074.6,92233,1.3,91613.3,91638,0,0.03,0
kroD100_p5_f70_lL,91634,1.56,7200.41,285420,91074.6,92233,1.3,91620.7,91634,0,0.01,0
kroD100_p5_f70_lM,91634,1.64,7203.99,316277,91074.6,92233,1.3,91611.9,91634,0,0.02,0
kroD100_p5_f90_lH,102930,2.27,7197.8,203286,102203.5,103073,0.9,102707.1,103073,0,0.36,0
kroD100_p5_f90_lL,102965,2.23,7192.61,194149,102203.5,103073,0.9,102729.0,103073,0,0.33,0
kroD100_p5_f90_lM,102930,3.05,7196.23,234859,102370.1,103073,0.7,102808.7,103073,0,0.26,0
kroE100_p3_f50_lH,50305,0.51,24.3,4253,50003.5,51379,2.8,50300.0,50305,1,,0
kroE100_p3_f50_lL,51988,0.77,1184.01,257396,50003.5,51621,3.2,50781.9,50787,1,,1
kroE100_p3_f50_lM,50645,0.51,679.12,123297,50003.5,51379,2.8,50639.9,50645,1,,0
kroE100_p3_f70_lH,57946,0.74,212.44,33734,57572.8,58231,1.1,57940.2,57946,1,,0
kroE100_p3_f70_lL,57946,0.74,151.83,19211,57572.8,58231,1.1,57940.2,57946,1,,0
kroE100_p3_f70_lM,57946,0.74,145.04,21642,57572.8,58231,1.1,57940.2,57946,1,,0
kroE100_p3_f90_lH,64629,1.74,7204,403445,64005.3,64629,1.0,64359.0,64629,0,0.42,0
kroE100_p3_f90_lL,64629,2.08,2623.48,211479,64189.7,64629,0.7,64622.5,64629,1,,0
kroE100_p3_f90_lM,64629,1.63,7195.14,498124,63975.8,64629,1.0,64323.3,64629,0,0.48,0
kroE100_p5_f50_lH,83001,0.62,7191.8,281629,82263.5,83632,1.7,82815.0,83357,0,0.65,0
kroE100_p5_f50_lL,83181,0.54,7186.45,331168,82216.5,83670,1.8,82825.1,83667,0,1.02,0
kroE100_p5_f50_lM,83048,0.63,7196.99,362008,82263.5,83632,1.7,82854.5,83396,0,0.65,0
kroE100_p5_f70_lH,95856,2.77,7156.72,238258,94620.8,96607,2.1,95159.0,96607,0,1.52,0
kroE100_p5_f70_lL,96219,4.63,7182.37,227899,94633.8,96660,2.1,95171.5,96660,0,1.56,0
kroE100_p5_f70_lM,95879,2.76,7164.66,251401,94626.9,96607,2.1,95051.3,96607,0,1.64,0
kroE100_p5_f90_lH,108297,3.58,7195.91,203119,107194.3,108297,1.0,107597.2,108297,0,0.65,0
kroE100_p5_f90_lL,108297,2.06,7163.56,136664,106757.8,108297,1.4,107181.6,108297,0,1.04,0
kroE100_p5_f90_lM,108297,1.77,7175.8,151820,106757.8,108297,1.4,107223.9,108297,0,1.00,0
rd100_p3_f50_lH,18402,0.3,228.24,57352,18217.2,18589,2.0,18400.2,18402,1,,0
rd100_p3_f50_lL,18589,0.41,7189.81,692859,18217.2,18589,2.0,18477.6,18589,0,0.60,0
rd100_p3_f50_lM,18546,0.3,7190.22,697578,18217.2,18589,2.0,18471.3,18589,0,0.64,0
rd100_p3_f70_lH,20531,0.8,14.24,888,20497.0,20864,1.8,20531.0,20531,1,,0
rd100_p3_f70_lL,21260,0.79,1288.32,108112,20497.0,20864,1.8,20635.9,20638,1,,1
rd100_p3_f70_lM,20596,0.79,125.6,19635,20497.0,20864,1.8,20593.9,20596,1,,0
rd100_p3_f90_lH,22034,0.61,95.49,9575,21920.3,22167,1.1,22034.0,22034,1,,0
rd100_p3_f90_lL,22095,0.61,1445.63,133306,21920.3,22167,1.1,22092.8,22095,1,,0
rd100_p3_f90_lM,22091,0.61,1235.94,121202,21920.3,22167,1.1,22091.0,22091,1,,0
rd100_p5_f50_lH,29110,0.93,7166.35,306418,28715.5,29663,3.3,28945.6,29214,0,0.93,0
rd100_p5_f50_lL,30340,0.77,7122.49,230983,28715.5,29663,3.3,28953.3,29663,0,2.45,1
rd100_p5_f50_lM,29303,0.94,7154.56,253491,28715.5,29663,3.3,28982.6,29359,0,1.30,0
rd100_p5_f70_lH,35008,1.4,7173.17,186567,34711.8,35191,1.4,34853.8,35191,0,0.97,0
rd100_p5_f70_lL,35300,1.78,7177.87,251597,34691.4,35191,1.4,34862.4,35191,0,0.94,1
rd100_p5_f70_lM,35008,1.41,7166.07,180825,34711.8,35191,1.4,34835.3,35191,0,1.02,0
rd100_p5_f90_lH,38461,9.68,20.94,333,38412.0,38461,0.1,38457.3,38461,1,,0
rd100_p5_f90_lL,38461,8.82,16.42,195,38412.0,38461,0.1,38457.3,38461,1,,0
rd100_p5_f90_lM,38461,10.69,23.67,416,38412.0,38461,0.1,38457.3,38461,1,,0
eil101_p3_f50_lH,1345,0.62,3314.92,321275,1330.8,1373,3.2,1345.0,1345,1,,0
eil101_p3_f50_lL,1402,0.71,7150.44,318846,1331.0,1373,3.2,1341.6,1373,0,2.34,1
eil101_p3_f50_lM,1347,0.6,7185.08,404828,1330.8,1373,3.2,1343.5,1349,0,0.41,0
eil101_p3_f70_lH,1590,1.28,7118.99,174157,1550.2,1601,3.3,1556.6,1594,0,2.40,0
eil101_p3_f70_lL,1595,1.23,7057.31,157628,1550.0,1604,3.5,1557.8,1602,0,2.84,0
eil101_p3_f70_lM,1590,1.29,7122.54,212138,1550.2,1601,3.3,1557.5,1594,0,2.35,0
eil101_p3_f90_lH,1848,1.13,20.2,1107,1844.7,1853,0.5,1848.0,1848,1,,0
eil101_p3_f90_lL,1848,1.13,16.42,740,1844.7,1853,0.5,1848.0,1848,1,,0
eil101_p3_f90_lM,1848,1.14,31.76,1738,1844.7,1853,0.5,1848.0,1848,1,,0
eil101_p5_f50_lH,2210,0.79,7074.23,172421,2149.4,2236,4.0,2160.5,2232,0,3.31,0
eil101_p5_f50_lL,2215,0.79,7084.31,219066,2149.4,2233,3.9,2160.3,2228,0,3.14,0
eil101_p5_f50_lM,2210,0.79,7065.21,186711,2149.4,2233,3.9,2159.4,2228,0,3.18,0
eil101_p5_f70_lH,2709,2.75,7138.35,157206,2614.1,2667,2.0,2623.8,2662,0,1.45,1
eil101_p5_f70_lL,2715,4.93,7109.45,124300,2617.7,2672,2.1,2629.2,2672,0,1.63,1
eil101_p5_f70_lM,2712,2.21,7123.9,150311,2615.8,2663,1.8,2625.9,2663,0,1.41,1
eil101_p5_f90_lH,2990,6.78,2333.54,45862,2985.5,3010,0.8,2990.0,2990,1,,0
eil101_p5_f90_lL,3023,4.79,7179.14,149588,2983.7,3016,1.1,2988.1,3014,0,0.87,1
eil101_p5_f90_lM,2990,3.53,4294.33,86195,2983.9,3014,1.0,2990.0,2990,1,,0
,,,,,,,,,,536,,35