Instance name, maxTimeWidth (omega_c), maxRouteTime (omega_0), # service days, # customers,	# operations, Opt./Best no waiting (Subramanyan and Gounaris), Opt./Best waiting (Subramanyan and Gounaris), Problem type, Algorithm,Algorithm,# cons, # var, Root time (sec.), Total time (sec.), SEC r_time (sec.), SEC time (sec.), PEC r_time (sec.), PEC time (sec.), #BB r_iterations, #BC iterations, #BC nodes, #Connect r_cuts, #Connect cuts, #PEC r_cuts, #PEC cuts, Root LB, Root UB, Best Bound, Best Integer, Status
burma14_p3_f50_lH,617,2817,3,13,22,7328,7308,CTSP_2,COMPACT,206,161,0.02,0.33,0.00,0.00,0.00,0.00,102,21110,3672,0,0,0,0,6375.0,7308,7308.00,7308,2
burma14_p3_f50_lL,308,2817,3,13,22,7328,7328,CTSP_2,COMPACT,206,161,0.01,0.31,0.00,0.00,0.00,0.00,91,23452,3611,0,0,0,0,6352.5,7328,7328.00,7328,2
burma14_p3_f50_lM,463,2817,3,13,22,7328,7308,CTSP_2,COMPACT,206,161,0.02,0.47,0.00,0.00,0.00,0.00,115,31246,4690,0,0,0,0,6375.2,7308,7308.00,7308,2
burma14_p3_f70_lH,621,3418,3,13,31,8572,8508,CTSP_2,COMPACT,398,322,0.03,13.58,0.00,0.00,0.00,0.00,184,706071,101953,0,0,0,0,7400.7,8508,8508.00,8508,2
burma14_p3_f70_lL,310,3418,3,13,31,8652,8572,CTSP_2,COMPACT,398,322,0.03,32.79,0.00,0.00,0.00,0.00,188,1549423,148123,0,0,0,0,7348.5,8572,8572.00,8572,2
burma14_p3_f70_lM,466,3418,3,13,31,8572,8508,CTSP_2,COMPACT,398,322,0.03,35.42,0.00,0.00,0.00,0.00,187,1231583,181988,0,0,0,0,7400.7,8508,8508.00,8508,2
burma14_p3_f90_lH,653,3554,3,13,35,9513,9513,CTSP_2,COMPACT,496,408,0.04,2.40,0.00,0.00,0.00,0.00,212,100371,11530,0,0,0,0,8966.0,9513,9513.00,9513,2
burma14_p3_f90_lL,326,3554,3,13,35,9513,9513,CTSP_2,COMPACT,496,408,0.05,0.62,0.00,0.00,0.00,0.00,235,19992,2608,0,0,0,0,8954.2,9513,9513.00,9513,2
burma14_p3_f90_lM,490,3554,3,13,35,9513,9513,CTSP_2,COMPACT,496,408,0.03,1.20,0.00,0.00,0.00,0.00,128,48696,4999,0,0,0,0,8744.0,9513,9513.00,9513,2
burma14_p5_f50_lH,617,3395,5,13,36,12687,12667,CTSP_2,COMPACT,362,259,0.02,6.46,0.00,0.00,0.00,0.00,109,327941,43976,0,0,0,0,11145.3,12667,12665.75,12667,2
burma14_p5_f50_lL,308,3395,5,13,36,12687,12687,CTSP_2,COMPACT,362,259,0.03,11.32,0.00,0.00,0.00,0.00,157,536719,45788,0,0,0,0,11322.0,12687,12685.79,12687,2
burma14_p5_f50_lM,463,3395,5,13,36,12687,12667,CTSP_2,COMPACT,362,259,0.03,6.00,0.00,0.00,0.00,0.00,116,371238,38492,0,0,0,0,11145.3,12667,12665.74,12667,2
burma14_p5_f70_lH,621,3418,5,13,50,14313,14241,CTSP_2,COMPACT,690,501,0.03,7304.23,0.00,0.00,0.00,0.00,201,185685101,8089564,0,0,0,0,12208.2,14241,13910.76,14241,1
burma14_p5_f70_lL,310,3418,5,13,50,14393,14313,CTSP_2,COMPACT,690,501,0.04,1683.08,0.00,0.00,0.00,0.00,189,57819878,2880283,0,0,0,0,12205.5,14313,14311.57,14313,2
burma14_p5_f70_lM,466,3418,5,13,50,14313,14249,CTSP_2,COMPACT,690,501,0.05,7298.23,0.00,0.00,0.00,0.00,178,201855607,8438810,0,0,0,0,12209.2,14249,14022.84,14249,1
burma14_p5_f90_lH,653,3593,5,13,58,16048,16048,CTSP_2,COMPACT,908,671,0.07,931.80,0.00,0.00,0.00,0.00,266,28009221,2094754,0,0,0,0,14876.0,16048,16046.40,16048,2
burma14_p5_f90_lL,326,3593,5,13,58,16048,16048,CTSP_2,COMPACT,908,671,0.06,393.57,0.00,0.00,0.00,0.00,227,13464003,746282,0,0,0,0,14832.6,16048,16046.40,16048,2
burma14_p5_f90_lM,490,3593,5,13,58,16048,16048,CTSP_2,COMPACT,908,671,0.06,104.13,0.00,0.00,0.00,0.00,279,4050163,261494,0,0,0,0,14876.0,16048,16046.40,16048,2
ulysses16_p3_f50_lH,1251,6880,3,15,26,17303,17303,CTSP_2,COMPACT,274,225,0.02,3.09,0.00,0.00,0.00,0.00,97,127905,17475,0,0,0,0,15163.0,17303,17301.30,17303,2
ulysses16_p3_f50_lL,625,6880,3,15,26,17303,17303,CTSP_2,COMPACT,274,225,0.09,10.66,0.00,0.00,0.00,0.00,139,494217,71824,0,0,0,0,15459.0,17303,17301.30,17303,2
ulysses16_p3_f50_lM,938,6880,3,15,26,17303,17303,CTSP_2,COMPACT,274,225,0.02,2.35,0.00,0.00,0.00,0.00,99,130503,17805,0,0,0,0,15163.0,17303,17301.31,17303,2
ulysses16_p3_f70_lH,1330,7241,3,15,35,19668,19668,CTSP_2,COMPACT,492,408,0.03,86.79,0.00,0.00,0.00,0.00,133,3036237,357526,0,0,0,0,17670.4,19668,19666.03,19668,2
ulysses16_p3_f70_lL,665,7241,3,15,35,19668,19668,CTSP_2,COMPACT,492,408,0.03,108.83,0.00,0.00,0.00,0.00,101,3450629,325658,0,0,0,0,17645.0,19668,19666.04,19668,2
ulysses16_p3_f70_lM,997,7241,3,15,35,19668,19668,CTSP_2,COMPACT,492,408,0.03,158.44,0.00,0.00,0.00,0.00,116,5192368,582511,0,0,0,0,17645.4,19668,19666.04,19668,2
ulysses16_p3_f90_lH,1348,7417,3,15,39,20212,20212,CTSP_2,COMPACT,608,506,0.04,3491.18,0.00,0.00,0.00,0.00,201,59237818,5667534,0,0,0,0,17859.6,20212,20209.98,20212,2
ulysses16_p3_f90_lL,674,7417,3,15,39,20212,20212,CTSP_2,COMPACT,608,506,0.04,1454.22,0.00,0.00,0.00,0.00,202,29395124,2524837,0,0,0,0,17956.5,20212,20209.98,20212,2
ulysses16_p3_f90_lM,1011,7417,3,15,39,20212,20212,CTSP_2,COMPACT,608,506,0.04,3239.86,0.00,0.00,0.00,0.00,241,53875931,5581879,0,0,0,0,18039.7,20212,20209.98,20212,2
ulysses16_p5_f50_lH,1251,6880,5,15,40,28783,28783,CTSP_2,COMPACT,432,321,0.03,168.62,0.00,0.00,0.00,0.00,161,7360120,701412,0,0,0,0,25216.5,28783,28780.12,28783,2
ulysses16_p5_f50_lL,625,6880,5,15,40,28816,28783,CTSP_2,COMPACT,432,321,0.03,112.76,0.00,0.00,0.00,0.00,106,4565613,490997,0,0,0,0,24824.6,28783,28780.13,28783,2
ulysses16_p5_f50_lM,938,6880,5,15,40,28816,28783,CTSP_2,COMPACT,432,321,0.05,90.81,0.00,0.00,0.00,0.00,216,4172490,372892,0,0,0,0,25634.0,28783,28780.12,28783,2
ulysses16_p5_f70_lH,1330,7316,5,15,59,32502,32502,CTSP_2,COMPACT,922,694,0.05,7267.98,0.00,0.00,0.00,0.00,208,138339247,4490877,0,0,0,0,29104.0,32518,31553.61,32518,1
ulysses16_p5_f70_lL,665,7316,5,15,59,32502,32502,CTSP_2,COMPACT,922,694,0.05,7261.01,0.00,0.00,0.00,0.00,203,165965181,5041179,0,0,0,0,29104.0,32518,31714.93,32518,1
ulysses16_p5_f70_lM,997,7316,5,15,59,32502,32502,CTSP_2,COMPACT,922,694,0.05,7275.12,0.00,0.00,0.00,0.00,210,172878454,5471759,0,0,0,0,29104.0,32518,31872.51,32518,1
ulysses16_p5_f90_lH,1348,7417,5,15,66,33408,33408,CTSP_2,COMPACT,1144,869,0.06,7273.05,0.00,0.00,0.00,0.00,260,180700099,3225476,0,0,0,0,29473.5,33408,31836.11,33408,1
ulysses16_p5_f90_lL,674,7417,5,15,66,33408,33408,CTSP_2,COMPACT,1144,869,0.07,7276.62,0.00,0.00,0.00,0.00,241,137110727,2219516,0,0,0,0,29473.1,33408,31491.47,33408,1
ulysses16_p5_f90_lM,1011,7417,5,15,66,33408,33408,CTSP_2,COMPACT,1144,869,0.09,7312.99,0.00,0.00,0.00,0.00,246,189493718,3924538,0,0,0,0,29473.2,33408,31583.96,33408,1
br17_p3_f50_lH,7,42,3,16,26,117,117,CTSP_2,COMPACT,282,225,0.03,2.42,0.00,0.00,0.00,0.00,120,154793,30077,0,0,0,0,90.0,117,116.00,116,2
br17_p3_f50_lL,3,42,3,16,26,117,117,CTSP_2,COMPACT,282,225,0.01,1.14,0.00,0.00,0.00,0.00,125,64159,11347,0,0,0,0,90.1,117,116.00,116,2
br17_p3_f50_lM,5,42,3,16,26,117,117,CTSP_2,COMPACT,282,225,0.03,1.50,0.00,0.00,0.00,0.00,129,96724,18221,0,0,0,0,90.1,117,116.00,116,2
br17_p3_f70_lH,7,42,3,16,37,117,117,CTSP_2,COMPACT,546,458,0.03,142.35,0.00,0.00,0.00,0.00,125,5497396,759355,0,0,0,0,43.0,117,72.00,72,2
br17_p3_f70_lL,3,42,3,16,37,117,117,CTSP_2,COMPACT,546,458,0.03,204.29,0.00,0.00,0.00,0.00,133,7214954,935267,0,0,0,0,43.0,117,72.00,72,2
br17_p3_f70_lM,5,42,3,16,37,117,117,CTSP_2,COMPACT,546,458,0.02,159.18,0.00,0.00,0.00,0.00,117,6644175,724470,0,0,0,0,42.0,117,72.00,72,2
br17_p3_f90_lH,7,42,3,16,42,117,117,CTSP_2,COMPACT,694,587,0.04,0.20,0.00,0.00,0.00,0.00,89,1616,774,0,0,0,0,28.0,49,38.00,38,2
br17_p3_f90_lL,3,42,3,16,42,117,117,CTSP_2,COMPACT,694,587,0.05,0.69,0.00,0.00,0.00,0.00,100,20353,4096,0,0,0,0,28.0,57,38.00,38,2
br17_p3_f90_lM,5,42,3,16,42,117,117,CTSP_2,COMPACT,694,587,0.04,0.28,0.00,0.00,0.00,0.00,91,3496,1016,0,0,0,0,28.0,49,38.00,38,2
br17_p5_f50_lH,7,42,5,16,44,195,195,CTSP_2,COMPACT,500,385,0.02,218.62,0.00,0.00,0.00,0.00,193,8613923,1260716,0,0,0,0,147.2,195,194.00,194,2
br17_p5_f50_lL,3,42,5,16,44,195,195,CTSP_2,COMPACT,500,385,0.03,59.97,0.00,0.00,0.00,0.00,192,3150310,326290,0,0,0,0,149.0,195,195.00,195,2
br17_p5_f50_lM,5,42,5,16,44,195,195,CTSP_2,COMPACT,500,385,0.04,76.35,0.00,0.00,0.00,0.00,193,3454574,445616,0,0,0,0,147.2,195,194.00,194,2
br17_p5_f70_lH,7,42,5,16,61,190,190,CTSP_2,COMPACT,972,746,0.05,7900.84,0.00,0.00,0.00,0.00,198,124876622,12203810,0,0,0,0,68.1,190,107.11,113,1
br17_p5_f70_lL,3,42,5,16,61,190,190,CTSP_2,COMPACT,972,746,0.05,7413.20,0.00,0.00,0.00,0.00,247,149853578,9420048,0,0,0,0,80.0,190,117.00,119,1
br17_p5_f70_lM,5,42,5,16,61,190,190,CTSP_2,COMPACT,972,746,0.04,7645.67,0.00,0.00,0.00,0.00,226,162187774,8961869,0,0,0,0,68.1,190,110.50,116,1
br17_p5_f90_lH,7,42,5,16,71,195,195,CTSP_2,COMPACT,1296,1006,0.08,315.43,0.00,0.00,0.00,0.00,166,9309091,1144777,0,0,0,0,46.0,97,72.00,72,2
br17_p5_f90_lL,3,42,5,16,71,195,195,CTSP_2,COMPACT,1296,1006,0.09,164.20,0.00,0.00,0.00,0.00,172,5745888,578278,0,0,0,0,46.0,97,78.00,78,2
br17_p5_f90_lM,5,42,5,16,71,195,195,CTSP_2,COMPACT,1296,1006,0.08,16.12,0.00,0.00,0.00,0.00,148,631574,59179,0,0,0,0,46.0,97,72.00,72,2
gr17_p3_f50_lH,359,1970,3,16,27,5186,5186,CTSP_2,COMPACT,298,242,0.02,0.09,0.00,0.00,0.00,0.00,158,3661,440,0,0,0,0,4996.5,5186,5186.00,5186,2
gr17_p3_f50_lL,179,1970,3,16,27,5186,5186,CTSP_2,COMPACT,298,242,0.03,0.16,0.00,0.00,0.00,0.00,181,8235,943,0,0,0,0,4924.3,5186,5186.00,5186,2
gr17_p3_f50_lM,269,1970,3,16,27,5186,5186,CTSP_2,COMPACT,298,242,0.03,0.12,0.00,0.00,0.00,0.00,189,4224,498,0,0,0,0,5061.0,5186,5186.00,5186,2
gr17_p3_f70_lH,387,2068,3,16,37,5563,5534,CTSP_2,COMPACT,546,456,0.04,5.64,0.00,0.00,0.00,0.00,149,231495,26323,0,0,0,0,4953.2,5586,5534.00,5534,2
gr17_p3_f70_lL,193,2068,3,16,37,5621,5588,CTSP_2,COMPACT,546,456,0.04,11.32,0.00,0.00,0.00,0.00,176,459533,46799,0,0,0,0,5020.5,5588,5588.00,5588,2
gr17_p3_f70_lM,290,2068,3,16,37,5588,5534,CTSP_2,COMPACT,546,456,0.04,2.25,0.00,0.00,0.00,0.00,200,84375,8834,0,0,0,0,5035.8,5586,5534.00,5534,2
gr17_p3_f90_lH,416,2242,3,16,44,6009,6009,CTSP_2,COMPACT,762,647,0.06,13.57,0.00,0.00,0.00,0.00,277,474013,58991,0,0,0,0,5522.0,6009,6009.00,6009,2
gr17_p3_f90_lL,208,2242,3,16,44,6009,6009,CTSP_2,COMPACT,762,647,0.06,7.29,0.00,0.00,0.00,0.00,269,265599,27002,0,0,0,0,5522.0,6009,6009.00,6009,2
gr17_p3_f90_lM,312,2242,3,16,44,6009,6009,CTSP_2,COMPACT,762,647,0.07,15.44,0.00,0.00,0.00,0.00,348,595322,64063,0,0,0,0,5619.0,6009,6009.00,6009,2
gr17_p5_f50_lH,359,1977,5,16,44,8456,8448,CTSP_2,COMPACT,512,385,0.05,0.56,0.00,0.00,0.00,0.00,238,22970,2818,0,0,0,0,8219.0,8448,8448.00,8448,2
gr17_p5_f50_lL,179,1977,5,16,44,8456,8456,CTSP_2,COMPACT,512,385,0.05,0.69,0.00,0.00,0.00,0.00,238,28511,2372,0,0,0,0,8261.2,8456,8456.00,8456,2
gr17_p5_f50_lM,269,1977,5,16,44,8456,8452,CTSP_2,COMPACT,512,385,0.04,0.26,0.00,0.00,0.00,0.00,206,9885,1003,0,0,0,0,8219.5,8452,8452.00,8452,2
gr17_p5_f70_lH,387,2129,5,16,61,9236,9232,CTSP_2,COMPACT,966,744,0.04,4320.28,0.00,0.00,0.00,0.00,224,90502750,5593585,0,0,0,0,8155.6,9232,9232.00,9232,2
gr17_p5_f70_lL,193,2129,5,16,61,9343,9238,CTSP_2,COMPACT,966,744,0.07,236.63,0.00,0.00,0.00,0.00,273,7735113,439496,0,0,0,0,8237.7,9238,9238.00,9238,2
gr17_p5_f70_lM,290,2129,5,16,61,9238,9234,CTSP_2,COMPACT,966,744,0.04,2324.47,0.00,0.00,0.00,0.00,231,55816936,3083710,0,0,0,0,8156.5,9234,9234.00,9234,2
gr17_p5_f90_lH,416,2290,5,16,75,10027,10027,CTSP_2,COMPACT,1452,1126,0.08,7465.11,0.00,0.00,0.00,0.00,323,185113463,6379990,0,0,0,0,8710.1,10027,9933.04,10027,1
gr17_p5_f90_lL,208,2290,5,16,75,10027,10027,CTSP_2,COMPACT,1452,1126,0.07,5141.27,0.00,0.00,0.00,0.00,288,142714193,4761665,0,0,0,0,8679.6,10027,10026.00,10027,2
gr17_p5_f90_lM,312,2290,5,16,75,10027,10027,CTSP_2,COMPACT,1452,1126,0.10,7317.40,0.00,0.00,0.00,0.00,387,174728212,7259431,0,0,0,0,8759.6,10027,9992.11,10027,1
gr21_p3_f50_lH,491,2701,3,20,35,6859,6859,CTSP_2,COMPACT,476,408,0.00,0.04,0.00,0.00,0.00,0.00,0,206,0,0,0,0,0,0.0,0,6859.00,6859,2
gr21_p3_f50_lL,245,2701,3,20,35,6988,6859,CTSP_2,COMPACT,476,408,0.00,0.02,0.00,0.00,0.00,0.00,0,207,0,0,0,0,0,0.0,0,6859.00,6859,2
gr21_p3_f50_lM,368,2701,3,20,35,6861,6859,CTSP_2,COMPACT,476,408,0.00,0.02,0.00,0.00,0.00,0.00,0,192,0,0,0,0,0,0.0,0,6859.00,6859,2
gr21_p3_f70_lH,489,2690,3,20,41,7192,7192,CTSP_2,COMPACT,650,560,0.09,0.27,0.00,0.00,0.00,0.00,246,477,7,0,0,0,0,7187.0,7192,7192.00,7192,2
gr21_p3_f70_lL,244,2690,3,20,41,7192,7192,CTSP_2,COMPACT,650,560,0.10,0.32,0.00,0.00,0.00,0.00,282,547,8,0,0,0,0,7187.0,7192,7192.00,7192,2
gr21_p3_f70_lM,366,2690,3,20,41,7192,7192,CTSP_2,COMPACT,650,560,0.10,0.23,0.00,0.00,0.00,0.00,279,368,5,0,0,0,0,7187.0,7192,7192.00,7192,2
gr21_p3_f90_lH,546,3004,3,20,56,7993,7993,CTSP_2,COMPACT,1202,1049,0.00,1.47,0.00,0.00,0.00,0.00,0,306,0,0,0,0,0,0.0,0,7993.00,7993,2
gr21_p3_f90_lL,273,3004,3,20,56,7993,7993,CTSP_2,COMPACT,1202,1049,0.00,0.16,0.00,0.00,0.00,0.00,0,372,0,0,0,0,0,0.0,0,7993.00,7993,2
gr21_p3_f90_lM,409,3004,3,20,56,7993,7993,CTSP_2,COMPACT,1202,1049,0.00,0.12,0.00,0.00,0.00,0.00,0,291,0,0,0,0,0,0.0,0,7993.00,7993,2
gr21_p5_f50_lH,491,2701,5,20,59,11587,11587,CTSP_2,COMPACT,874,694,0.14,0.28,0.00,0.00,0.00,0.00,534,1906,34,0,0,0,0,11565.0,11587,11587.00,11587,2
gr21_p5_f50_lL,245,2701,5,20,59,11745,11587,CTSP_2,COMPACT,874,694,0.12,0.24,0.00,0.00,0.00,0.00,465,1340,43,0,0,0,0,11520.0,11587,11587.00,11587,2
gr21_p5_f50_lM,368,2701,5,20,59,11589,11587,CTSP_2,COMPACT,874,694,0.12,0.16,0.00,0.00,0.00,0.00,453,1848,57,0,0,0,0,11520.0,11587,11586.00,11587,2
gr21_p5_f70_lH,489,2690,5,20,71,11791,11791,CTSP_2,COMPACT,1260,1010,0.16,0.37,0.00,0.00,0.00,0.00,512,2167,112,0,0,0,0,11636.6,11791,11791.00,11791,2
gr21_p5_f70_lL,244,2690,5,20,71,11832,11791,CTSP_2,COMPACT,1260,1010,0.20,0.70,0.00,0.00,0.00,0.00,516,7651,393,0,0,0,0,11638.1,11791,11791.00,11791,2
gr21_p5_f70_lM,366,2690,5,20,71,11791,11791,CTSP_2,COMPACT,1260,1010,0.19,0.80,0.00,0.00,0.00,0.00,531,6674,553,0,0,0,0,11636.5,11791,11791.00,11791,2
gr21_p5_f90_lH,546,3004,5,20,93,13238,13238,CTSP_2,COMPACT,2142,1732,0.39,0.68,0.00,0.00,0.00,0.00,993,1523,14,0,0,0,0,13225.0,13238,13238.00,13238,2
gr21_p5_f90_lL,273,3004,5,20,93,13245,13238,CTSP_2,COMPACT,2142,1732,0.31,1.79,0.00,0.00,0.00,0.00,623,5645,145,0,0,0,0,13127.0,13238,13236.78,13238,2
gr21_p5_f90_lM,409,3004,5,20,93,13238,13238,CTSP_2,COMPACT,2142,1732,0.45,0.83,0.00,0.00,0.00,0.00,961,2399,39,0,0,0,0,13159.0,13238,13238.00,13238,2
ulysses22_p3_f50_lH,1239,6792,3,21,35,18453,18453,CTSP_2,COMPACT,480,408,0.03,2695.72,0.00,0.00,0.00,0.00,153,62057597,7693313,0,0,0,0,15990.1,18453,18451.15,18453,2
ulysses22_p3_f50_lL,619,6792,3,21,35,18453,18453,CTSP_2,COMPACT,480,408,0.02,1865.87,0.00,0.00,0.00,0.00,142,42633618,4585369,0,0,0,0,15990.6,18453,18451.16,18453,2
ulysses22_p3_f50_lM,929,6792,3,21,35,18453,18453,CTSP_2,COMPACT,480,408,0.03,2307.20,0.00,0.00,0.00,0.00,160,54029034,5355582,0,0,0,0,15990.3,18453,18451.15,18453,2
ulysses22_p3_f70_lH,1330,7068,3,21,44,19213,19213,CTSP_2,COMPACT,750,647,0.04,7377.91,0.00,0.00,0.00,0.00,133,131009766,8730200,0,0,0,0,16848.0,19213,18848.46,19213,1
ulysses22_p3_f70_lL,665,7068,3,21,44,19213,19213,CTSP_2,COMPACT,750,647,0.05,7351.83,0.00,0.00,0.00,0.00,134,152897073,7638356,0,0,0,0,16848.0,19213,18696.39,19213,1
ulysses22_p3_f70_lM,997,7068,3,21,44,19213,19213,CTSP_2,COMPACT,750,647,0.04,7386.63,0.00,0.00,0.00,0.00,134,120996564,7863319,0,0,0,0,16848.0,19213,18768.94,19213,1
ulysses22_p3_f90_lH,1393,7662,3,21,57,20718,20718,CTSP_2,COMPACT,1236,1084,0.09,7259.27,0.00,0.00,0.00,0.00,205,143956655,5174127,0,0,0,0,17634.6,20718,19345.96,20718,1
ulysses22_p3_f90_lL,696,7662,3,21,57,20718,20718,CTSP_2,COMPACT,1236,1084,0.09,7218.03,0.00,0.00,0.00,0.00,186,156085000,6269008,0,0,0,0,17634.5,20718,19481.46,20718,1
ulysses22_p3_f90_lM,1044,7662,3,21,57,20718,20718,CTSP_2,COMPACT,1236,1084,0.09,7214.91,0.00,0.00,0.00,0.00,215,149344687,5712163,0,0,0,0,17675.5,20718,19389.29,20718,1
ulysses22_p5_f50_lH,1239,6818,5,21,56,30433,30433,CTSP_2,COMPACT,786,627,0.05,7286.67,0.00,0.00,0.00,0.00,225,198572049,6545383,0,0,0,0,26921.9,30433,29667.28,30433,1
ulysses22_p5_f50_lL,619,6818,5,21,56,30433,30433,CTSP_2,COMPACT,786,627,0.06,7348.09,0.00,0.00,0.00,0.00,229,194517191,6762513,0,0,0,0,26915.6,30433,29630.44,30433,1
ulysses22_p5_f50_lM,929,6818,5,21,56,30433,30433,CTSP_2,COMPACT,786,627,0.05,7286.13,0.00,0.00,0.00,0.00,224,188788620,7106289,0,0,0,0,26916.1,30433,29686.17,30433,1
ulysses22_p5_f70_lH,1330,7317,5,21,75,32405,32405,CTSP_2,COMPACT,1398,1130,0.07,7495.04,0.00,0.00,0.00,0.00,236,195187288,5558120,0,0,0,0,27927.6,32405,29920.61,32405,1
ulysses22_p5_f70_lL,665,7317,5,21,75,32405,32405,CTSP_2,COMPACT,1398,1130,0.08,7450.58,0.00,0.00,0.00,0.00,206,186442952,3805885,0,0,0,0,27915.2,32405,30159.03,32405,1
ulysses22_p5_f70_lM,997,7317,5,21,75,32405,32405,CTSP_2,COMPACT,1398,1130,0.07,7216.59,0.00,0.00,0.00,0.00,231,184715715,4029796,0,0,0,0,27927.6,32405,30199.70,32405,1
ulysses22_p5_f90_lH,1393,7662,5,21,96,33904,33904,CTSP_2,COMPACT,2260,1847,0.16,7204.03,0.00,0.00,0.00,0.00,332,148304405,3554150,0,0,0,0,29185.0,33904,31027.70,33904,1
ulysses22_p5_f90_lL,696,7662,5,21,96,33930,33904,CTSP_2,COMPACT,2260,1847,0.18,7312.30,0.00,0.00,0.00,0.00,306,148553690,3284250,0,0,0,0,29138.0,33904,30695.93,33904,1
ulysses22_p5_f90_lM,1044,7662,5,21,96,33904,33904,CTSP_2,COMPACT,2260,1847,0.19,7205.56,0.00,0.00,0.00,0.00,309,154682196,3637549,0,0,0,0,29138.0,33904,30740.50,33904,1
gr24_p3_f50_lH,215,1182,3,23,38,3086,3066,CTSP_2,COMPACT,550,481,0.05,2.29,0.00,0.00,0.00,0.00,238,84820,11999,0,0,0,0,2958.0,3066,3066.00,3066,2
gr24_p3_f50_lL,107,1182,3,23,38,3097,3086,CTSP_2,COMPACT,550,481,0.05,59.89,0.00,0.00,0.00,0.00,237,2104073,199281,0,0,0,0,2958.0,3086,3086.00,3086,2
gr24_p3_f50_lM,161,1182,3,23,38,3086,3066,CTSP_2,COMPACT,550,481,0.05,31.44,0.00,0.00,0.00,0.00,258,1117015,126287,0,0,0,0,2958.0,3066,3066.00,3066,2
gr24_p3_f70_lH,219,1207,3,23,52,3211,3207,CTSP_2,COMPACT,1024,901,0.18,0.53,0.00,0.00,0.00,0.00,635,8981,559,0,0,0,0,3178.0,3216,3207.00,3207,2
gr24_p3_f70_lL,109,1207,3,23,52,3284,3216,CTSP_2,COMPACT,1024,901,0.14,0.90,0.00,0.00,0.00,0.00,507,20016,1531,0,0,0,0,3179.0,3216,3216.00,3216,2
gr24_p3_f70_lM,164,1207,3,23,52,3216,3211,CTSP_2,COMPACT,1024,901,0.16,0.97,0.00,0.00,0.00,0.00,540,27589,1718,0,0,0,0,3172.5,3216,3211.00,3211,2
gr24_p3_f90_lH,247,1358,3,23,61,3572,3568,CTSP_2,COMPACT,1398,1240,0.29,0.54,0.00,0.00,0.00,0.00,710,2257,97,0,0,0,0,3535.1,3572,3568.00,3568,2
gr24_p3_f90_lL,123,1358,3,23,61,3602,3585,CTSP_2,COMPACT,1398,1240,0.12,0.68,0.00,0.00,0.00,0.00,329,10564,924,0,0,0,0,3430.2,3585,3585.00,3585,2
gr24_p3_f90_lM,185,1358,3,23,61,3589,3572,CTSP_2,COMPACT,1398,1240,0.26,0.65,0.00,0.00,0.00,0.00,583,3474,121,0,0,0,0,3489.0,3572,3572.00,3572,2
gr24_p5_f50_lH,215,1182,5,23,64,5026,5006,CTSP_2,COMPACT,998,817,0.05,18.83,0.00,0.00,0.00,0.00,279,610141,67931,0,0,0,0,4841.3,5006,5006.00,5006,2
gr24_p5_f50_lL,107,1182,5,23,64,5064,5026,CTSP_2,COMPACT,998,817,0.07,70.72,0.00,0.00,0.00,0.00,299,2400972,143698,0,0,0,0,4841.0,5026,5026.00,5026,2
gr24_p5_f50_lM,161,1182,5,23,64,5026,5006,CTSP_2,COMPACT,998,817,0.10,190.49,0.00,0.00,0.00,0.00,387,5873204,379698,0,0,0,0,4881.0,5006,5006.00,5006,2
gr24_p5_f70_lH,219,1208,5,23,85,5409,5400,CTSP_2,COMPACT,1754,1444,0.36,2.26,0.00,0.00,0.00,0.00,870,44099,1832,0,0,0,0,5367.0,5409,5400.00,5400,2
gr24_p5_f70_lL,109,1208,5,23,85,5508,5477,CTSP_2,COMPACT,1754,1444,0.47,543.65,0.00,0.00,0.00,0.00,984,15551461,649469,0,0,0,0,5367.0,5477,5477.00,5477,2
gr24_p5_f70_lM,164,1208,5,23,85,5477,5409,CTSP_2,COMPACT,1754,1444,0.30,2.21,0.00,0.00,0.00,0.00,813,40380,2245,0,0,0,0,5364.0,5409,5409.00,5409,2
gr24_p5_f90_lH,247,1358,5,23,101,5873,5873,CTSP_2,COMPACT,2458,2038,0.29,7.94,0.00,0.00,0.00,0.00,449,159354,6587,0,0,0,0,5670.0,5903,5873.00,5873,2
gr24_p5_f90_lL,123,1358,5,23,101,5973,5964,CTSP_2,COMPACT,2458,2038,0.26,2494.70,0.00,0.00,0.00,0.00,512,45377846,1785816,0,0,0,0,5670.2,5964,5964.00,5964,2
gr24_p5_f90_lM,185,1358,5,23,101,5943,5903,CTSP_2,COMPACT,2458,2038,0.28,18.04,0.00,0.00,0.00,0.00,494,345657,19425,0,0,0,0,5670.2,5903,5903.00,5903,2
fri26_p3_f50_lH,163,900,3,25,40,2167,2166,CTSP_2,COMPACT,616,533,0.03,0.50,0.00,0.00,0.00,0.00,161,18958,2007,0,0,0,0,2095.0,2167,2166.00,2166,2
fri26_p3_f50_lL,81,900,3,25,40,2167,2167,CTSP_2,COMPACT,616,533,0.03,0.64,0.00,0.00,0.00,0.00,172,24539,2560,0,0,0,0,2095.0,2167,2167.00,2167,2
fri26_p3_f50_lM,122,900,3,25,40,2167,2167,CTSP_2,COMPACT,616,533,0.03,0.61,0.00,0.00,0.00,0.00,163,22422,2683,0,0,0,0,2095.0,2167,2167.00,2167,2
fri26_p3_f70_lH,166,914,3,25,49,2296,2259,CTSP_2,COMPACT,906,800,0.08,152.14,0.00,0.00,0.00,0.00,429,4152702,425105,0,0,0,0,2078.2,2291,2259.00,2259,2
fri26_p3_f70_lL,83,914,3,25,49,2297,2291,CTSP_2,COMPACT,906,800,0.07,4725.58,0.00,0.00,0.00,0.00,342,78209574,5295786,0,0,0,0,2066.2,2291,2291.00,2291,2
fri26_p3_f70_lM,124,914,3,25,49,2297,2290,CTSP_2,COMPACT,906,800,0.08,7198.89,0.00,0.00,0.00,0.00,429,110735017,6997997,0,0,0,0,2078.2,2291,2284.00,2290,1
fri26_p3_f90_lH,184,1015,3,25,66,2620,2620,CTSP_2,COMPACT,1636,1457,0.15,165.78,0.00,0.00,0.00,0.00,300,3996237,327758,0,0,0,0,2495.0,2620,2620.00,2620,2
fri26_p3_f90_lL,92,1015,3,25,66,2620,2620,CTSP_2,COMPACT,1636,1457,0.16,99.43,0.00,0.00,0.00,0.00,348,2413497,181477,0,0,0,0,2495.0,2620,2620.00,2620,2
fri26_p3_f90_lM,138,1015,3,25,66,2620,2620,CTSP_2,COMPACT,1636,1457,0.15,202.46,0.00,0.00,0.00,0.00,313,4566154,375840,0,0,0,0,2495.0,2620,2620.00,2620,2
fri26_p5_f50_lH,163,900,5,25,66,3483,3441,CTSP_2,COMPACT,1064,869,0.11,83.58,0.00,0.00,0.00,0.00,459,2444473,241489,0,0,0,0,3340.0,3441,3441.00,3441,2
fri26_p5_f50_lL,81,900,5,25,66,3494,3441,CTSP_2,COMPACT,1064,869,0.06,53.39,0.00,0.00,0.00,0.00,299,1841393,140794,0,0,0,0,3303.1,3441,3441.00,3441,2
fri26_p5_f50_lM,122,900,5,25,66,3494,3441,CTSP_2,COMPACT,1064,869,0.08,102.47,0.00,0.00,0.00,0.00,350,3297747,241914,0,0,0,0,3323.5,3441,3441.00,3441,2
fri26_p5_f70_lH,166,914,5,25,83,3808,3754,CTSP_2,COMPACT,1668,1378,0.19,2948.73,0.00,0.00,0.00,0.00,445,65384009,4336165,0,0,0,0,3495.1,3799,3754.00,3754,2
fri26_p5_f70_lL,83,914,5,25,83,3810,3808,CTSP_2,COMPACT,1668,1378,0.19,7198.49,0.00,0,0.00,0.00,435,181519091,3483276,0,0,0,0,3495.0,3808,3767.88,3808,1
fri26_p5_f70_lM,124,914,5,25,83,3808,3799,CTSP_2,COMPACT,1668,1378,0.20,7198.44,0.00,0.00,0.00,0.00,494,155934688,3809488,0,0,0,0,3501.0,3799,3756.41,3799,1
fri26_p5_f90_lH,184,1015,5,25,111,4374,4374,CTSP_2,COMPACT,2948,2472,0.24,7197.87,0.00,0.00,0.00,0.00,477,139543184,3242090,0,0,0,0,4078.0,4374,4266.59,4374,1
fri26_p5_f90_lL,92,1015,5,25,111,4374,4374,CTSP_2,COMPACT,2948,2472,0.49,7197.94,0.00,0.00,0.00,0.00,657,135526029,2819187,0,0,0,0,4107.0,4374,4283.94,4374,1
fri26_p5_f90_lM,138,1015,5,25,111,4374,4374,CTSP_2,COMPACT,2948,2472,0.35,7197.99,0.00,0.00,0.00,0.00,629,138912488,2471101,0,0,0,0,4099.7,4374,4269.72,4374,1
bayg29_p3_f50_lH,227,1225,3,28,46,3313,3313,CTSP_2,COMPACT,798,705,0.00,0.03,0.00,0.00,0.00,0.00,0,213,0,0,0,0,0,0.0,0,3313.00,3313,2
bayg29_p3_f50_lL,113,1225,3,28,46,3327,3313,CTSP_2,COMPACT,798,705,0.00,0.03,0.00,0.00,0.00,0.00,0,222,0,0,0,0,0,0.0,0,3313.00,3313,2
bayg29_p3_f50_lM,170,1225,3,28,46,3327,3313,CTSP_2,COMPACT,798,705,0.00,0.03,0.00,0.00,0.00,0.00,0,212,0,0,0,0,0,0.0,0,3313.00,3313,2
bayg29_p3_f70_lH,273,1445,3,28,59,3753,3753,CTSP_2,COMPACT,1294,1162,0.09,30.13,0.00,0.00,0.00,0.00,248,794039,68456,0,0,0,0,3579.0,3759,3753.00,3753,2
bayg29_p3_f70_lL,136,1445,3,28,59,3849,3769,CTSP_2,COMPACT,1294,1162,0.09,51.54,0.00,0.00,0.00,0.00,246,1400017,105598,0,0,0,0,3579.0,3769,3769.00,3769,2
bayg29_p3_f70_lM,205,1445,3,28,59,3784,3753,CTSP_2,COMPACT,1294,1162,0.09,28.22,0.00,0.00,0.00,0.00,247,777105,59752,0,0,0,0,3579.0,3759,3753.00,3753,2
bayg29_p3_f90_lH,313,1722,3,28,77,4500,4500,CTSP_2,COMPACT,2188,1980,0.18,1643.81,0.00,0.00,0.00,0.00,316,30294835,1408322,0,0,0,0,4332.1,4500,4500.00,4500,2
bayg29_p3_f90_lL,156,1722,3,28,77,4507,4500,CTSP_2,COMPACT,2188,1980,0.33,775.40,0.00,0.00,0.00,0.00,524,16771234,833691,0,0,0,0,4351.1,4500,4500.00,4500,2
bayg29_p3_f90_lM,234,1722,3,28,77,4500,4500,CTSP_2,COMPACT,2188,1980,0.18,939.83,0.00,0.00,0.00,0.00,308,19238577,919139,0,0,0,0,4332.1,4500,4500.00,4500,2
bayg29_p5_f50_lH,227,1248,5,28,77,5415,5415,CTSP_2,COMPACT,1416,1184,0.14,1.13,0.00,0.00,0.00,0.00,360,21583,1227,0,0,0,0,5212.4,5415,5415.00,5415,2
bayg29_p5_f50_lL,113,1248,5,28,77,5585,5415,CTSP_2,COMPACT,1416,1184,0.14,0.94,0.00,0.00,0.00,0.00,289,16997,1003,0,0,0,0,5179.5,5415,5415.00,5415,2
bayg29_p5_f50_lM,170,1248,5,28,77,5490,5415,CTSP_2,COMPACT,1416,1184,0.21,1.11,0.00,0.00,0.00,0.00,323,19648,941,0,0,0,0,5179.5,5415,5415.00,5415,2
bayg29_p5_f70_lH,273,1504,5,28,97,6352,6352,CTSP_2,COMPACT,2216,1882,0.20,7197.42,0.00,0.00,0.00,0.00,449,156424802,4298512,0,0,0,0,5967.2,6352,6284.09,6352,1
bayg29_p5_f70_lL,136,1504,5,28,97,6552,6371,CTSP_2,COMPACT,2216,1882,0.23,7197.77,0.00,0.00,0.00,0,453,157936381,2885460,0,0,0,0,5967.0,6371,6282.22,6371,1
bayg29_p5_f70_lM,205,1504,5,28,97,6415,6352,CTSP_2,COMPACT,2216,1882,0.19,7197.95,0.00,0.00,0.00,0.00,447,161010450,3155404,0,0,0,0,5967.2,6352,6280.21,6352,1
bayg29_p5_f90_lH,313,1722,5,28,128,7490,7490,CTSP_2,COMPACT,3844,3283,0.56,7197.81,0.00,0.00,0.00,0.00,724,119846679,2634744,0,0,0,0,7321.0,7490,7455.25,7490,1
bayg29_p5_f90_lL,156,1722,5,28,128,7516,7490,CTSP_2,COMPACT,3844,3283,0.53,7197.48,0.00,0.00,0.00,0.00,552,122196869,1832119,0,0,0,0,7272.3,7490,7459.14,7490,1
bayg29_p5_f90_lM,234,1722,5,28,128,7490,7490,CTSP_2,COMPACT,3844,3283,0.49,7197.81,0.00,0.00,0.00,0.00,631,124718981,2181583,0,0,0,0,7321.0,7490,7445.02,7490,1
bays29_p3_f50_lH,294,1606,3,28,45,4274,4274,CTSP_2,COMPACT,764,674,0.10,0.34,0.00,0.00,0.00,0.00,450,6972,617,0,0,0,0,4205.1,4274,4274.00,4274,2
bays29_p3_f50_lL,147,1606,3,28,45,4301,4293,CTSP_2,COMPACT,764,674,0.09,1.86,0.00,0.00,0.00,0.00,425,65867,5302,0,0,0,0,4197.4,4293,4293.00,4293,2
bays29_p3_f50_lM,220,1606,3,28,45,4293,4274,CTSP_2,COMPACT,764,674,0.06,0.62,0.00,0.00,0.00,0.00,233,18300,1721,0,0,0,0,4047.7,4274,4274.00,4274,2
bays29_p3_f70_lH,361,1983,3,28,58,5075,5075,CTSP_2,COMPACT,1262,1131,0.15,1.78,0.00,0.00,0.00,0.00,519,46503,3050,0,0,0,0,4991.2,5075,5075.00,5075,2
bays29_p3_f70_lL,180,1983,3,28,58,5122,5075,CTSP_2,COMPACT,1262,1131,0.15,1.97,0.00,0.00,0.00,0.00,493,45703,2551,0,0,0,0,4991.1,5075,5075.00,5075,2
bays29_p3_f70_lM,271,1983,3,28,58,5075,5075,CTSP_2,COMPACT,1262,1131,0.16,0.88,0.00,0.00,0.00,0.00,538,16738,973,0,0,0,0,5018.1,5075,5075.00,5075,2
bays29_p3_f90_lH,386,2110,3,28,74,5690,5673,CTSP_2,COMPACT,2024,1829,0.20,1193.34,0.00,0.00,0.00,0.00,282,23193377,1096748,0,0,0,0,5396.0,5690,5673.00,5673,2
bays29_p3_f90_lL,193,2110,3,28,74,5690,5690,CTSP_2,COMPACT,2024,1829,0.22,2757.73,0.00,0.00,0.00,0.00,309,54988177,2302438,0,0,0,0,5367.1,5690,5690.00,5690,2
bays29_p3_f90_lM,289,2110,3,28,74,5690,5673,CTSP_2,COMPACT,2024,1829,0.23,1116.39,0.00,0.00,0.00,0.00,288,21548966,1141422,0,0,0,0,5367.2,5690,5673.00,5673,2
bays29_p5_f50_lH,294,1617,5,28,76,7130,7130,CTSP_2,COMPACT,1368,1153,0.23,1.68,0.00,0.00,0.00,0.00,790,30995,2173,0,0,0,0,7062.0,7130,7130.00,7130,2
bays29_p5_f50_lL,147,1617,5,28,76,7183,7149,CTSP_2,COMPACT,1368,1153,0.09,10.71,0.00,0.00,0.00,0.00,327,306877,18451,0,0,0,0,6796.8,7149,7149.00,7149,2
bays29_p5_f50_lM,220,1617,5,28,76,7149,7130,CTSP_2,COMPACT,1368,1153,0.12,3.33,0.00,0.00,0.00,0.00,441,80493,5820,0,0,0,0,6931.4,7130,7130.00,7130,2
bays29_p5_f70_lH,361,1987,5,28,98,8542,8527,CTSP_2,COMPACT,2284,1937,0.22,337.03,0.00,0.00,0.00,0.00,488,7128051,383338,0,0,0,0,8298.0,8542,8527.00,8527,2
bays29_p5_f70_lL,180,1987,5,28,98,8596,8542,CTSP_2,COMPACT,2284,1937,0.49,360.25,0.00,0.00,0.00,0.00,863,8554529,345550,0,0,0,0,8427.1,8542,8542.00,8542,2
bays29_p5_f70_lM,271,1987,5,28,98,8542,8542,CTSP_2,COMPACT,2284,1937,0.24,1583.40,0.00,0.00,0.00,0.00,442,29751018,1238878,0,0,0,0,8294.5,8542,8542.00,8542,2
bays29_p5_f90_lH,386,2124,5,28,124,9534,9512,CTSP_2,COMPACT,3616,3085,0.37,7197.92,0.00,0.00,0.00,0.00,552,128616926,2213937,0,0,0,0,9041.3,9534,9438.52,9512,1
bays29_p5_f90_lL,193,2124,5,28,124,9534,9534,CTSP_2,COMPACT,3616,3085,0.53,7197.70,0.00,0.00,0.00,0.00,561,124305903,1759356,0,0,0,0,9041.3,9534,9444.33,9534,1
bays29_p5_f90_lM,289,2124,5,28,124,9534,9512,CTSP_2,COMPACT,3616,3085,0.39,7197.97,0.00,0.00,0.00,0,563,125167437,1744700,0,0,0,0,9041.3,9534,9438.88,9512,1
ftv33_p3_f50_lH,215,1112,3,33,55,3037,3037,CTSP_2,COMPACT,1122,1008,0.07,10.29,0.00,0.00,0.00,0.00,332,303725,21329,0,0,0,0,2921.0,3037,3037.00,3037,2
ftv33_p3_f50_lL,107,1112,3,33,55,3037,3037,CTSP_2,COMPACT,1122,1008,0.08,6.38,0.00,0.00,0.00,0.00,280,182066,13494,0,0,0,0,2915.2,3037,3037.00,3037,2
ftv33_p3_f50_lM,161,1112,3,33,55,3037,3037,CTSP_2,COMPACT,1122,1008,0.12,6.91,0.00,0.00,0.00,0.00,397,196589,13327,0,0,0,0,2931.1,3037,3037.00,3037,2
ftv33_p3_f70_lH,235,1296,3,33,72,3405,3335,CTSP_2,COMPACT,1900,1733,0.17,7198.52,0.00,0.00,0.00,0.00,425,120546621,2359282,0,0,0,0,3065.5,3373,3294.08,3335,1
ftv33_p3_f70_lL,117,1296,3,33,72,3412,3335,CTSP_2,COMPACT,1900,1733,0.22,3675.52,0.00,0.00,0.00,0,406,68443595,1716421,0,0,0,0,3060.5,3412,3335.00,3335,2
ftv33_p3_f70_lM,176,1296,3,33,72,3412,3335,CTSP_2,COMPACT,1900,1733,0.14,7198.87,0.00,0.00,0.00,0.00,481,111075305,3324030,0,0,0,0,3086.6,3373,3322.08,3335,1
ftv33_p3_f90_lH,257,1394,3,33,89,3813,3813,CTSP_2,COMPACT,2884,2644,0.30,732.16,0.00,0.00,0.00,0.00,420,12386318,624945,0,0,0,0,3586.8,3813,3813.00,3813,2
ftv33_p3_f90_lL,128,1394,3,33,89,3813,3813,CTSP_2,COMPACT,2884,2644,0.29,221.62,0.00,0.00,0.00,0.00,458,4038929,152022,0,0,0,0,3593.7,3813,3813.00,3813,2
ftv33_p3_f90_lM,192,1394,3,33,89,3813,3813,CTSP_2,COMPACT,2884,2644,0.29,166.95,0.00,0.00,0.00,0.00,425,3024750,128137,0,0,0,0,3586.8,3813,3813.00,3813,2
ftv33_p5_f50_lH,215,1185,5,33,92,5174,5174,CTSP_2,COMPACT,1978,1691,0.11,305.73,0.00,0.00,0.00,0.00,501,7389583,292282,0,0,0,0,4972.2,5174,5174.00,5174,2
ftv33_p5_f50_lL,107,1185,5,33,92,5299,5174,CTSP_2,COMPACT,1978,1691,0.23,54.92,0.00,0.00,0.00,0.00,616,1336366,41306,0,0,0,0,4984.1,5174,5174.00,5174,2
ftv33_p5_f50_lM,161,1185,5,33,92,5192,5174,CTSP_2,COMPACT,1978,1691,0.22,237.20,0.00,0.00,0.00,0.00,669,5847703,191354,0,0,0,0,4957.1,5174,5174.00,5174,2
ftv33_p5_f70_lH,235,1296,5,33,124,5717,5687,CTSP_2,COMPACT,3550,3083,0.27,7198.64,0.00,0.00,0.00,0.00,690,108292015,862799,0,0,0,0,5211.7,5717,5519.80,5709,1
ftv33_p5_f70_lL,117,1296,5,33,124,5728,5687,CTSP_2,COMPACT,3550,3083,0.38,7198.31,0.00,0.00,0.00,0.00,780,106201706,786596,0,0,0,0,5212.3,5728,5573.24,5728,1
ftv33_p5_f70_lM,176,1296,5,33,124,5728,5687,CTSP_2,COMPACT,3550,3083,0.36,7198.02,0.00,0.00,0.00,0.00,736,113947894,1060822,0,0,0,0,5216.6,5728,5536.41,5709,1
ftv33_p5_f90_lH,257,1414,5,33,155,6378,6378,CTSP_2,COMPACT,5522,4820,0.57,3075.81,0.00,0.00,0.00,0.00,796,43295369,1226781,0,0,0,0,6066.4,6378,6378.00,6378,2
ftv33_p5_f90_lL,128,1414,5,33,155,6378,6378,CTSP_2,COMPACT,5522,4820,0.44,3094.61,0.00,0.00,0.00,0.00,740,41823715,776511,0,0,0,0,6052.0,6378,6378.00,6378,2
ftv33_p5_f90_lM,192,1414,5,33,155,6378,6378,CTSP_2,COMPACT,5522,4820,0.60,2197.26,0.00,0.00,0.00,0,808,30754377,880624,0,0,0,0,6066.4,6378,6378.00,6378,2
ftv35_p3_f50_lH,221,1217,3,35,55,3295,3275,CTSP_2,COMPACT,1124,1016,0.08,276.23,0.00,0.00,0.00,0.00,267,6428161,473744,0,0,0,0,3106.0,3348,3275.00,3275,2
ftv35_p3_f50_lL,110,1217,3,35,55,3349,3316,CTSP_2,COMPACT,1124,1016,0.07,5139.65,0.00,0.00,0.00,0.00,324,75365887,4755891,0,0,0,0,3110.5,3335,3316.00,3316,2
ftv35_p3_f50_lM,166,1217,3,35,55,3318,3298,CTSP_2,COMPACT,1124,1016,0.12,1101.14,0.00,0.00,0.00,0.00,339,19478512,1427982,0,0,0,0,3109.3,3357,3298.00,3298,2
ftv35_p3_f70_lH,273,1448,3,35,76,3822,3814,CTSP_2,COMPACT,2108,1925,0.15,212.56,0.00,0.00,0.00,0.00,365,4226161,215181,0,0,0,0,3659.0,3880,3814.00,3814,2
ftv35_p3_f70_lL,136,1448,3,35,76,3897,3822,CTSP_2,COMPACT,2108,1925,0.15,217.64,0.00,0.00,0.00,0.00,347,4610104,186203,0,0,0,0,3646.8,3880,3822.00,3822,2
ftv35_p3_f70_lM,205,1448,3,35,76,3836,3814,CTSP_2,COMPACT,2108,1925,0.14,218.42,0.00,0.00,0.00,0,364,4859327,284428,0,0,0,0,3660.6,3880,3814.00,3814,2
ftv35_p3_f90_lH,289,1593,3,35,93,4251,4233,CTSP_2,COMPACT,3138,2888,0.18,7198.50,0.00,0.00,0.00,0.00,482,104817093,2595269,0,0,0,0,4049.2,4270,4220.75,4233,1
ftv35_p3_f90_lL,144,1593,3,35,93,4254,4251,CTSP_2,COMPACT,3138,2888,0.16,7198.78,0.00,0.00,0.00,0.00,450,107913353,2584792,0,0,0,0,4045.2,4270,4246.00,4251,1
ftv35_p3_f90_lM,217,1593,3,35,93,4254,4251,CTSP_2,COMPACT,3138,2888,0.18,7198.26,0.00,0.00,0.00,0.00,437,117005959,2027228,0,0,0,0,4052.1,4270,4222.35,4270,1
ftv35_p5_f50_lH,221,1217,5,35,91,5447,5433,CTSP_2,COMPACT,1930,1664,0.15,7198.44,0.00,0.00,0.00,0.00,512,156805182,2476628,0,0,0,0,5053.5,5470,5280.90,5438,1
ftv35_p5_f50_lL,110,1217,5,35,91,5544,5482,CTSP_2,COMPACT,1930,1664,0.14,7198.47,0.00,0.00,0.00,0.00,508,155068099,1626559,0,0,0,0,5058.5,5490,5347.13,5490,1
ftv35_p5_f50_lM,166,1217,5,35,91,5496,5462,CTSP_2,COMPACT,1930,1664,0.23,7198.56,0.00,0.00,0.00,0.00,474,143500287,1988140,0,0,0,0,5047.2,5490,5343.72,5478,1
ftv35_p5_f70_lH,273,1503,5,35,126,6492,6473,CTSP_2,COMPACT,3652,3175,0.30,7198.28,0.00,0.00,0.00,0.00,534,125152660,1921676,0,0,0,0,6230.6,6473,6458.37,6473,1
ftv35_p5_f70_lL,136,1503,5,35,126,6600,6503,CTSP_2,COMPACT,3652,3175,0.37,4282.39,0.00,0.00,0.00,0.00,617,66313815,1411237,0,0,0,0,6229.6,6541,6503.00,6503,2
ftv35_p5_f70_lM,205,1503,5,35,126,6547,6473,CTSP_2,COMPACT,3652,3175,0.44,3162.90,0.00,0.00,0.00,0.00,677,50670304,1165535,0,0,0,0,6249.6,6473,6473.00,6473,2
ftv35_p5_f90_lH,289,1593,5,35,152,7090,7062,CTSP_2,COMPACT,5282,4627,0.48,7197.49,0.00,0.00,0.00,0.00,771,92113139,1074236,0,0,0,0,6705.9,7173,6946.11,7173,1
ftv35_p5_f90_lL,144,1593,5,35,152,7137,7090,CTSP_2,COMPACT,5282,4627,0.65,7197.51,0.00,0.00,0.00,0.00,731,88771597,708615,0,0,0,0,6702.9,7186,6966.56,7186,1
ftv35_p5_f90_lM,217,1593,5,35,152,7090,7090,CTSP_2,COMPACT,5282,4627,0.51,7197.46,0.00,0.00,0.00,0.00,732,92993640,839333,0,0,0,0,6702.8,7173,6949.34,7173,1
ftv38_p3_f50_lH,235,1292,3,38,56,3362,3284,CTSP_2,COMPACT,1152,1045,0.15,4.74,0.00,0.00,0.00,0.00,440,142311,8585,0,0,0,0,3204.9,3296,3284.00,3284,2
ftv38_p3_f50_lL,117,1292,3,38,56,3471,3288,CTSP_2,COMPACT,1152,1045,0.14,4.02,0.00,0.00,0.00,0.00,406,130833,6180,0,0,0,0,3204.1,3296,3288.00,3288,2
ftv38_p3_f50_lM,176,1292,3,38,56,3415,3284,CTSP_2,COMPACT,1152,1045,0.16,3.46,0.00,0.00,0.00,0.00,481,96596,6366,0,0,0,0,3207.3,3284,3284.00,3284,2
ftv38_p3_f70_lH,267,1468,3,38,85,3963,3963,CTSP_2,COMPACT,2630,2416,0.15,737.88,0.00,0.00,0.00,0.00,438,13188777,580357,0,0,0,0,3790.0,3963,3963.00,3963,2
ftv38_p3_f70_lL,133,1468,3,38,85,3970,3963,CTSP_2,COMPACT,2630,2416,0.18,1457.13,0.00,0.00,0.00,0.00,434,25542800,948134,0,0,0,0,3790.0,3963,3963.00,3963,2
ftv38_p3_f70_lM,200,1468,3,38,85,3963,3963,CTSP_2,COMPACT,2630,2416,0.15,867.72,0.00,0.00,0.00,0.00,421,17088028,631290,0,0,0,0,3790.0,3963,3963.00,3963,2
ftv38_p3_f90_lH,303,1668,3,38,109,4461,4461,CTSP_2,COMPACT,4276,3968,0.74,2290.07,0.00,0.00,0.00,0,1161,29607039,1128564,0,0,0,0,4362.5,4461,4461.00,4461,2
ftv38_p3_f90_lL,151,1668,3,38,109,4461,4461,CTSP_2,COMPACT,4276,3968,0.66,1209.45,0.00,0.00,0.00,0.00,1110,16371866,451603,0,0,0,0,4349.5,4461,4461.00,4461,2
ftv38_p3_f90_lM,227,1668,3,38,109,4461,4461,CTSP_2,COMPACT,4276,3968,0.57,2193.9,0.00,0.00,0.00,0.00,949,33188059,942318,0,0,0,0,4349.0,4461,4461.00,4461,2
ftv38_p5_f50_lH,235,1292,5,38,98,5774,5732,CTSP_2,COMPACT,2202,1925,0.25,7198.42,0.00,0,0.00,0.00,494,134037392,1822757,0,0,0,0,5355.5,5858,5636.86,5799,1
ftv38_p5_f50_lL,117,1292,5,38,98,5848,5759,CTSP_2,COMPACT,2202,1925,0.25,7198.51,0.00,0,0.00,0.00,570,137424518,1292235,0,0,0,0,5356.2,5894,5657.05,5860,1
ftv38_p5_f50_lM,176,1292,5,38,98,5804,5732,CTSP_2,COMPACT,2202,1925,0.23,7198.45,0.00,0.00,0.00,0.00,491,135759810,1546367,0,0,0,0,5353.2,5858,5645.75,5804,1
ftv38_p5_f70_lH,267,1468,5,38,142,6639,6612,CTSP_2,COMPACT,4592,4043,0.61,7197.97,0.00,0.00,0.00,0.00,919,102653123,955000,0,0,0,0,6304.1,6661,6495.03,6618,1
ftv38_p5_f70_lL,133,1468,5,38,142,6671,6653,CTSP_2,COMPACT,4592,4043,0.53,7198.24,0.00,0.00,0.00,0.00,981,89132234,572913,0,0,0,0,6305.1,6661,6507.71,6653,1
ftv38_p5_f70_lM,200,1468,5,38,142,6652,6621,CTSP_2,COMPACT,4592,4043,0.42,7198.44,0.00,0.00,0.00,0.00,928,91550974,720027,0,0,0,0,6303.7,6661,6503.75,6654,1
ftv38_p5_f90_lH,303,1668,5,38,180,7392,7392,CTSP_2,COMPACT,7318,6491,2.25,7197.75,0.00,0.00,0.00,0.00,933,73673050,501765,0,0,0,0,7084.3,7392,7293.12,7392,1
ftv38_p5_f90_lL,151,1668,5,38,180,7392,7392,CTSP_2,COMPACT,7318,6491,2.21,7197.75,0.00,0.00,0.00,0.00,1141,73112530,475000,0,0,0,0,7095.2,7392,7305.58,7392,1
ftv38_p5_f90_lM,227,1668,5,38,180,7392,7392,CTSP_2,COMPACT,7318,6491,2.48,7198.02,0.00,0.00,0.00,0.00,1104,67781323,375887,0,0,0,0,7100.7,7392,7291.54,7392,1
dantzig42_p3_f50_lH,111,605,3,41,65,1619,1619,CTSP_2,COMPACT,1532,1410,0.17,7198.17,0.00,0.00,0.00,0.00,290,136862385,6303400,0,0,0,0,1428.0,1624,1522.93,1619,1
dantzig42_p3_f50_lL,55,605,3,41,65,1622,1619,CTSP_2,COMPACT,1532,1410,0.16,7198.48,0.00,0.00,0.00,0.00,305,138331340,3273870,0,0,0,0,1428.0,1624,1537.06,1619,1
dantzig42_p3_f50_lM,83,605,3,41,65,1619,1619,CTSP_2,COMPACT,1532,1410,0.16,7198.19,0.00,0.00,0.00,0.00,293,119905212,3652593,0,0,0,0,1428.0,1624,1546.40,1619,1
dantzig42_p3_f70_lH,123,676,3,41,81,1785,1781,CTSP_2,COMPACT,2382,2192,0.32,7198.09,0.00,0.00,0.00,0.00,418,106994461,1981574,0,0,0,0,1569.0,1785,1640.11,1781,1
dantzig42_p3_f70_lL,61,676,3,41,81,1786,1785,CTSP_2,COMPACT,2382,2192,0.26,7198.43,0.00,0.00,0.00,0.00,429,105401958,1556090,0,0,0,0,1571.8,1785,1650.22,1785,1
dantzig42_p3_f70_lM,92,676,3,41,81,1785,1785,CTSP_2,COMPACT,2382,2192,0.34,7198.37,0.00,0.00,0.00,0.00,415,106473594,1726375,0,0,0,0,1569.0,1785,1645.59,1785,1
dantzig42_p3_f90_lH,139,766,3,41,115,2046,2046,CTSP_2,COMPACT,4740,4420,0.57,7198.10,0.00,0.00,0.00,0.00,470,79534287,1476711,0,0,0,0,1862.0,2046,1920.35,2046,1
dantzig42_p3_f90_lL,69,766,3,41,115,2046,2046,CTSP_2,COMPACT,4740,4420,0.68,7198.09,0.00,0.00,0.00,0.00,469,80051993,1218046,0,0,0,0,1862.0,2046,1922.64,2046,1
dantzig42_p3_f90_lM,104,766,3,41,115,2046,2046,CTSP_2,COMPACT,4740,4420,0.61,7198.00,0.00,0.00,0.00,0.00,470,78752504,1686000,0,0,0,0,1862.0,2046,1919.55,2046,1
dantzig42_p5_f50_lH,111,611,5,41,110,2716,2711,CTSP_2,COMPACT,2730,2421,0.21,7198.20,0.00,0.00,0.00,0,449,141267631,2115697,0,0,0,0,2350.2,2722,2556.54,2722,1
dantzig42_p5_f50_lL,55,611,5,41,110,2729,2716,CTSP_2,COMPACT,2730,2421,0.31,7198.19,0.00,0.00,0.00,0.00,422,131739647,2003660,0,0,0,0,2350.2,2727,2581.68,2727,1
dantzig42_p5_f50_lM,83,611,5,41,110,2716,2711,CTSP_2,COMPACT,2730,2421,0.22,7197.81,0.00,0.00,0.00,0.00,449,133737201,2098503,0,0,0,0,2350.2,2727,2552.93,2711,1
dantzig42_p5_f70_lH,123,676,5,41,140,2968,2968,CTSP_2,COMPACT,4442,3931,0.30,7197.10,0.00,0.00,0.00,0.00,524,100857953,3097516,0,0,0,0,2584.5,2968,2689.01,2968,1
dantzig42_p5_f70_lL,61,676,5,41,140,2998,2968,CTSP_2,COMPACT,4442,3931,0.35,7197.88,0.00,0.00,0.00,0.00,534,97760795,1902240,0,0,0,0,2584.5,2968,2695.27,2968,1
dantzig42_p5_f70_lM,92,676,5,41,140,2968,2968,CTSP_2,COMPACT,4442,3931,0.32,7197.95,0.00,0.00,0.00,0.00,525,95772602,2008298,0,0,0,0,2584.5,2968,2691.56,2968,1
dantzig42_p5_f90_lH,139,766,5,41,186,3362,3344,CTSP_2,COMPACT,7762,6939,0.69,7197.48,0.00,0.00,0.00,0.00,871,71995358,1060935,0,0,0,0,3047.5,3344,3112.38,3344,1
dantzig42_p5_f90_lL,69,766,5,41,186,3362,3362,CTSP_2,COMPACT,7762,6939,1.20,7197.60,0.00,0.00,0.00,0.00,874,69684311,924885,0,0,0,0,3049.5,3362,3118.91,3362,1
dantzig42_p5_f90_lM,104,766,5,41,186,3362,3362,CTSP_2,COMPACT,7762,6939,0.70,7197.55,0.00,0.00,0.00,0.00,866,72974326,1080293,0,0,0,0,3047.5,3362,3111.68,3362,1
swiss42_p3_f50_lH,205,1107,3,41,69,3053,3042,CTSP_2,COMPACT,1722,1586,0.16,7198.60,0.00,0.00,0.00,0.00,381,118835754,3617690,0,0,0,0,2820.6,3063,3031.03,3050,1
swiss42_p3_f50_lL,102,1107,3,41,69,3063,3055,CTSP_2,COMPACT,1722,1586,0.16,7198.57,0.00,0.00,0.00,0.00,378,135113605,3032627,0,0,0,0,2820.6,3063,3035.81,3055,1
swiss42_p3_f50_lM,154,1107,3,41,69,3055,3055,CTSP_2,COMPACT,1722,1586,0.15,7198.66,0.00,0.00,0.00,0.00,388,119992950,3478031,0,0,0,0,2820.6,3063,3038.08,3055,1
swiss42_p3_f70_lH,228,1236,3,41,86,3274,3274,CTSP_2,COMPACT,2682,2477,0.19,3669.65,0.00,0.00,0.00,0.00,491,47847149,2112706,0,0,0,0,3075.5,3274,3274.00,3274,2
swiss42_p3_f70_lL,114,1236,3,41,86,3274,3274,CTSP_2,COMPACT,2682,2477,0.19,862.81,0.00,0.00,0.00,0.00,489,13538891,713229,0,0,0,0,3075.5,3274,3274.00,3274,2
swiss42_p3_f70_lM,171,1236,3,41,86,3274,3274,CTSP_2,COMPACT,2682,2477,0.20,4008.86,0.00,0.00,0.00,0.00,491,53043072,2522751,0,0,0,0,3075.5,3274,3274.00,3274,2
swiss42_p3_f90_lH,249,1369,3,41,112,3533,3533,CTSP_2,COMPACT,4508,4201,0.40,236.85,0.00,0.00,0.00,0.00,655,3241492,134704,0,0,0,0,3333.2,3533,3533.00,3533,2
swiss42_p3_f90_lL,124,1369,3,41,112,3543,3533,CTSP_2,COMPACT,4508,4201,0.46,114.12,0.00,0.00,0.00,0.00,695,1491666,62820,0,0,0,0,3351.9,3533,3533.00,3533,2
swiss42_p3_f90_lM,186,1369,3,41,112,3533,3533,CTSP_2,COMPACT,4508,4201,0.49,69.81,0.00,0.00,0.00,0.00,691,906483,36272,0,0,0,0,3351.9,3533,3533.00,3533,2
swiss42_p5_f50_lH,205,1129,5,41,113,5115,5115,CTSP_2,COMPACT,2902,2552,0.49,7197.78,0.00,0.00,0.00,0.00,694,138957190,2886151,0,0,0,0,4910.3,5115,5052.29,5115,1
swiss42_p5_f50_lL,102,1129,5,41,113,5116,5115,CTSP_2,COMPACT,2902,2552,0.38,7197.94,0.00,0.00,0.00,0.00,491,133546898,1638910,0,0,0,0,4752.4,5115,5065.95,5115,1
swiss42_p5_f50_lM,154,1129,5,41,113,5116,5115,CTSP_2,COMPACT,2902,2552,0.47,7197.81,0.00,0.00,0.00,0.00,551,136347944,2013294,0,0,0,0,4820.3,5115,5051.63,5115,1
swiss42_p5_f70_lH,228,1258,5,41,145,5440,5440,CTSP_2,COMPACT,4742,4216,0.50,7197.84,0.00,0.00,0.00,0.00,800,102175144,1994000,0,0,0,0,5151.6,5440,5373.20,5440,1
swiss42_p5_f70_lL,114,1258,5,41,145,5462,5440,CTSP_2,COMPACT,4742,4216,0.64,7198.09,0.00,0.00,0.00,0.00,971,99990760,1168000,0,0,0,0,5183.0,5440,5392.00,5440,1
swiss42_p5_f70_lM,171,1258,5,41,145,5440,5440,CTSP_2,COMPACT,4742,4216,0.78,7197.87,0.00,0.00,0.00,0.00,890,101581385,1453393,0,0,0,0,5167.4,5440,5371.53,5440,1
swiss42_p5_f90_lH,249,1369,5,41,190,6007,6007,CTSP_2,COMPACT,8100,7241,0.76,7197.67,0.00,0.00,0.00,0,1011,87378025,1175908,0,0,0,0,5683.7,6007,5976.87,6007,1
swiss42_p5_f90_lL,124,1369,5,41,190,6019,6007,CTSP_2,COMPACT,8100,7241,0.73,7197.31,0.00,0.00,0.00,0.00,1002,86406136,953271,0,0,0,0,5683.6,6007,5978.74,6007,1
swiss42_p5_f90_lM,186,1369,5,41,190,6007,6007,CTSP_2,COMPACT,8100,7241,0.72,7197.65,0.00,0.00,0.00,0.00,999,80262700,1423775,0,0,0,0,5683.6,6007,5959.01,6007,1
p43_p3_f50_lH,1119,6156,3,42,67,16733,16733,CTSP_2,COMPACT,1626,1496,0.08,7197.97,0.00,0.00,0.00,0.00,223,104207205,6922283,0,0,0,0,11159.0,16685,11209.00,11259,1
p43_p3_f50_lL,559,6156,3,42,67,16733,16733,CTSP_2,COMPACT,1626,1496,0.08,7198.21,0.00,0.00,0.00,0.00,223,107052958,5739913,0,0,0,0,11159.0,16685,11208.51,11259,1
p43_p3_f50_lM,839,6156,3,42,67,16733,16733,CTSP_2,COMPACT,1626,1496,0.08,7197.91,0.00,0.00,0.00,0.00,223,111423652,6386408,0,0,0,0,11159.0,16685,11208.71,11259,1
p43_p3_f70_lH,1122,6175,3,42,91,16830,16830,CTSP_2,COMPACT,2988,2778,0.17,7196.7,0.00,0.00,0.00,0.00,244,95570996,11698060,0,0,0,0,5912.0,16824,11286.40,16710,1
p43_p3_f70_lL,561,6175,3,42,91,16830,16830,CTSP_2,COMPACT,2988,2778,0.17,6946.72,0.00,0.00,0.00,0.00,244,85723157,12229244,0,0,0,0,5912.0,16824,11290.94,16710,1
p43_p3_f70_lM,842,6175,3,42,91,16830,16830,CTSP_2,COMPACT,2988,2778,0.17,7197.10,0.00,0.00,0.00,0.00,244,95160991,10984277,0,0,0,0,5912.0,16824,11288.78,16710,1
p43_p3_f90_lH,1124,6182,3,42,113,16848,16848,CTSP_2,COMPACT,4572,4268,0.24,7197.67,0.00,0.00,0.00,0.00,264,80020928,4699418,0,0,0,0,518.0,11446,5881.27,5960,1
p43_p3_f90_lL,562,6182,3,42,113,16848,16848,CTSP_2,COMPACT,4572,4268,0.25,7197.64,0.00,0.00,0.00,0.00,263,88421337,3966000,0,0,0,0,518.0,11446,5875.09,5960,1
p43_p3_f90_lM,843,6182,3,42,113,16848,16848,CTSP_2,COMPACT,4572,4268,0.25,7197.58,0.00,0.00,0.00,0.00,264,74233873,3877793,0,0,0,0,518.0,11446,5878.00,5960,1
p43_p5_f50_lH,1119,6156,5,42,111,27800,27800,CTSP_2,COMPACT,2792,2462,0.25,7197.77,0.00,0.00,0.00,0.00,356,130769657,6283488,0,0,0,0,16775.0,27808,16859.01,16972,1
p43_p5_f50_lL,559,6156,5,42,111,27800,27800,CTSP_2,COMPACT,2792,2462,0.23,7197.64,0.00,0.00,0.00,0.00,356,126497366,5976373,0,0,0,0,16775.0,27808,16866.77,16972,1
p43_p5_f50_lM,839,6156,5,42,111,27800,27800,CTSP_2,COMPACT,2792,2462,0.25,7197.46,0.00,0,0.00,0.00,356,134977245,6344918,0,0,0,0,16775.0,27808,16865.78,16972,1
p43_p5_f70_lH,1122,6175,5,42,151,27959,27959,CTSP_2,COMPACT,5136,4576,0.29,5702.87,0.00,0.00,0.00,0.00,378,62680746,7975213,0,0,0,0,11534.0,27924,22274.36,27759,1
p43_p5_f70_lL,561,6175,5,42,151,27959,27959,CTSP_2,COMPACT,5136,4576,0.35,6897.38,0.00,0.00,0.00,0.00,378,84807356,8027141,0,0,0,0,11534.0,27924,22271.60,27759,1
p43_p5_f70_lM,842,6175,5,42,151,27959,27959,CTSP_2,COMPACT,5136,4576,0.36,6098.05,0.00,0,0.00,0.00,378,73644508,8063567,0,0,0,0,11534.0,27924,22260.26,27760,1
p43_p5_f90_lH,1124,6182,5,42,188,28082,28082,CTSP_2,COMPACT,7910,7083,0.37,7196.66,0.00,0.00,0.00,0.00,444,77419892,4247830,0,0,0,0,837.0,22680,6194.63,6398,1
p43_p5_f90_lL,562,6182,5,42,188,28082,28082,CTSP_2,COMPACT,7910,7083,0.37,7196.48,0.00,0.00,0.00,0.00,444,79518740,3524862,0,0,0,0,837.0,22680,6194.69,6386,1
p43_p5_f90_lM,843,6182,5,42,188,28082,28082,CTSP_2,COMPACT,7910,7083,0.37,7196.86,0.00,0.00,0.00,0.00,444,78269806,2879873,0,0,0,0,837.0,22680,6193.36,6408,1
ftv44_p3_f50_lH,255,1353,3,44,68,3653,3649,CTSP_2,COMPACT,1688,1553,0.15,7198.53,0.00,0.00,0.00,0.00,385,120708931,3223972,0,0,0,0,3395.7,3694,3610.96,3694,1
ftv44_p3_f50_lL,127,1353,3,44,68,3668,3656,CTSP_2,COMPACT,1688,1553,0.11,7198.45,0.00,0.00,0.00,0.00,322,118431447,2643728,0,0,0,0,3388.3,3759,3631.66,3723,1
ftv44_p3_f50_lM,191,1353,3,44,68,3656,3651,CTSP_2,COMPACT,1688,1553,0.15,7198.44,0.00,0.00,0.00,0.00,387,121272173,2856095,0,0,0,0,3395.7,3759,3597.77,3705,1
ftv44_p3_f70_lH,297,1633,3,44,100,4446,4440,CTSP_2,COMPACT,3580,3333,0.35,7198.22,0.00,0.00,0.00,0,811,93486106,1728265,0,0,0,0,4246.8,4451,4405.94,4440,1
ftv44_p3_f70_lL,148,1633,3,44,100,4451,4448,CTSP_2,COMPACT,3580,3333,0.56,7198.50,0.00,0.00,0.00,0.00,761,104058628,1592919,0,0,0,0,4243.8,4451,4416.03,4448,1
ftv44_p3_f70_lM,222,1633,3,44,100,4448,4444,CTSP_2,COMPACT,3580,3333,0.41,7198.44,0.00,0.00,0.00,0.00,941,96746987,1725827,0,0,0,0,4271.1,4451,4408.67,4448,1
ftv44_p3_f90_lH,295,1624,3,44,118,4468,4431,CTSP_2,COMPACT,4974,4649,0.48,7198.36,0.00,0,0.00,0.00,603,84567772,995710,0,0,0,0,4265.7,4471,4399.92,4449,1
ftv44_p3_f90_lL,147,1624,3,44,118,4484,4469,CTSP_2,COMPACT,4974,4649,0.45,7198.69,0.00,0.00,0.00,0.00,738,83429156,1039318,0,0,0,0,4271.1,4503,4395.79,4471,1
ftv44_p3_f90_lM,221,1624,3,44,118,4469,4468,CTSP_2,COMPACT,4974,4649,0.50,7198.34,0.00,0.00,0.00,0.00,565,87209065,1218000,0,0,0,0,4256.2,4471,4402.83,4468,1
ftv44_p5_f50_lH,255,1403,5,44,116,6229,6229,CTSP_2,COMPACT,3058,2705,0.44,7198.40,0.00,0.00,0.00,0.00,986,112788369,1457107,0,0,0,0,5899.1,6266,6078.76,6245,1
ftv44_p5_f50_lL,127,1403,5,44,116,6266,6229,CTSP_2,COMPACT,3058,2705,0.44,7198.28,0.00,0.00,0.00,0.00,963,124231556,1667566,0,0,0,0,5903.4,6266,6103.53,6258,1
ftv44_p5_f50_lM,191,1403,5,44,116,6229,6229,CTSP_2,COMPACT,3058,2705,0.24,7198.00,0.00,0.00,0.00,0.00,576,127719643,2317505,0,0,0,0,5864.3,6266,6086.89,6258,1
ftv44_p5_f70_lH,297,1633,5,44,167,7404,7391,CTSP_2,COMPACT,6234,5576,0.56,7197.87,0.00,0.00,0.00,0.00,1113,77365076,646545,0,0,0,0,7056.6,7502,7229.79,7496,1
ftv44_p5_f70_lL,148,1633,5,44,167,7456,7456,CTSP_2,COMPACT,6234,5576,0.90,7195.10,0.00,0.00,0.00,0.00,1089,40821294,453776,0,0,0,0,7050.7,7502,7241.03,7470,1
ftv44_p5_f70_lM,222,1633,5,44,167,7426,7409,CTSP_2,COMPACT,6234,5576,2.49,7197.99,0.00,0.00,0.00,0.00,1178,69733422,507684,0,0,0,0,7056.6,7502,7238.10,7467,1
ftv44_p5_f90_lH,295,1624,5,44,195,7403,7361,CTSP_2,COMPACT,8472,7612,2.93,7195.66,0.00,0.00,0.00,0.00,1236,51936943,338400,0,0,0,0,7054.1,7428,7188.70,7411,1
ftv44_p5_f90_lL,147,1624,5,44,195,7669,7559,CTSP_2,COMPACT,8472,7612,3.13,7195.99,0.00,0.00,0.00,0.00,1537,42949851,256239,0,0,0,0,7052.6,7414,7188.02,7414,1
ftv44_p5_f90_lM,221,1624,5,44,195,7403,7403,CTSP_2,COMPACT,8472,7612,2.86,7196.97,0.00,0.00,0.00,0.00,1251,53257827,332946,0,0,0,0,7049.1,7428,7196.23,7414,1
ftv47_p3_f50_lH,286,1577,3,47,77,4090,4082,CTSP_2,COMPACT,2132,1976,0.27,498.36,0.00,0.00,0.00,0.00,720,9785514,554598,0,0,0,0,3970.0,4090,4082.00,4082,2
ftv47_p3_f50_lL,143,1577,3,47,77,4127,4090,CTSP_2,COMPACT,2132,1976,0.31,331.89,0.00,0.00,0.00,0.00,769,7334108,337662,0,0,0,0,3970.1,4090,4090.00,4090,2
ftv47_p3_f50_lM,215,1577,3,47,77,4090,4090,CTSP_2,COMPACT,2132,1976,0.29,363.12,0.00,0.00,0.00,0.00,762,8108014,326969,0,0,0,0,3970.1,4090,4090.00,4090,2
ftv47_p3_f70_lH,311,1698,3,47,101,4648,4648,CTSP_2,COMPACT,3656,3418,0.21,7198.53,0.00,0.00,0.00,0.00,591,86737112,1204241,0,0,0,0,4443.0,4768,4554.35,4655,1
ftv47_p3_f70_lL,155,1698,3,47,101,4663,4663,CTSP_2,COMPACT,3656,3418,0.31,7198.51,0.00,0.00,0.00,0.00,477,84514313,793146,0,0,0,0,4422.2,4768,4602.90,4768,1
ftv47_p3_f70_lM,233,1698,3,47,101,4663,4648,CTSP_2,COMPACT,3656,3418,0.26,7198.44,0.00,0.00,0.00,0.00,446,89806539,1075298,0,0,0,0,4422.2,4768,4576.82,4768,1
ftv47_p3_f90_lH,342,1885,3,47,130,4906,4906,CTSP_2,COMPACT,6012,5651,0.68,7198.50,0.00,0.00,0.00,0.00,874,78481932,1297801,0,0,0,0,4796.0,4918,4868.04,4906,1
ftv47_p3_f90_lL,171,1885,3,47,130,4940,4906,CTSP_2,COMPACT,6012,5651,1.01,7194.52,0.00,0.00,0.00,0.00,1055,33992954,701172,0,0,0,0,4796.0,4918,4868.83,4906,1
ftv47_p3_f90_lM,257,1885,3,47,130,4906,4906,CTSP_2,COMPACT,6012,5651,0.72,7198.36,0.00,0.00,0.00,0.00,884,80637725,1211013,0,0,0,0,4796.0,4918,4871.18,4918,1
ftv47_p5_f50_lH,286,1577,5,47,127,6901,6854,CTSP_2,COMPACT,3624,3224,0.42,7198.45,0.00,0.00,0.00,0.00,831,106800586,1286862,0,0,0,0,6631.0,6876,6765.30,6854,1
ftv47_p5_f50_lL,143,1577,5,47,127,6951,6876,CTSP_2,COMPACT,3624,3224,0.45,7198.88,0.00,0.00,0.00,0.00,849,96144299,758980,0,0,0,0,6629.0,6876,6775.65,6876,1
ftv47_p5_f50_lM,215,1577,5,47,127,6925,6865,CTSP_2,COMPACT,3624,3224,0.44,7198.26,0.00,0.00,0.00,0.00,783,107145035,1139000,0,0,0,0,6629.0,6876,6785.52,6876,1
ftv47_p5_f70_lH,311,1712,5,47,169,7827,7812,CTSP_2,COMPACT,6370,5736,0.54,7198.06,0.00,0.00,0.00,0.00,861,67704129,545313,0,0,0,0,7415.2,7912,7597.85,7878,1
ftv47_p5_f70_lL,155,1712,5,47,169,7832,7829,CTSP_2,COMPACT,6370,5736,0.66,7198.05,0.00,0.00,0.00,0.00,955,60723361,391135,0,0,0,0,7419.5,7924,7623.86,7924,1
ftv47_p5_f70_lM,233,1712,5,47,169,7829,7827,CTSP_2,COMPACT,6370,5736,0.74,7198.23,0.00,0.00,0.00,0.00,784,63739445,414767,0,0,0,0,7407.3,7912,7607.01,7878,1
ftv47_p5_f90_lH,342,1885,5,47,215,8226,8226,CTSP_2,COMPACT,10246,9274,2.37,7197.21,0.00,0.00,0.00,0.00,1112,52370068,396907,0,0,0,0,7953.5,8248,8044.78,8231,1
ftv47_p5_f90_lL,171,1885,5,47,215,8378,8226,CTSP_2,COMPACT,10246,9274,2.71,7196.97,0.00,0.00,0.00,0.00,1112,40456110,289797,0,0,0,0,7957.6,8248,8075.09,8248,1
ftv47_p5_f90_lM,257,1885,5,47,215,8226,8226,CTSP_2,COMPACT,10246,9274,2.79,7197.59,0.00,0.00,0.00,0.00,1107,48592160,315493,0,0,0,0,7957.5,8248,8050.78,8248,1
att48_p3_f50_lH,1708,9398,3,47,77,24965,24942,CTSP_2,COMPACT,2140,1976,0.19,7198.09,0.00,0.00,0.00,0.00,319,134413536,4443171,0,0,0,0,21726.0,25040,23423.10,25040,1
att48_p3_f50_lL,854,9398,3,47,77,25211,24954,CTSP_2,COMPACT,2140,1976,0.21,7198.09,0.00,0.00,0.00,0.00,353,142042053,3088172,0,0,0,0,21736.0,25229,23377.69,25151,1
att48_p3_f50_lM,1281,9398,3,47,77,24992,24942,CTSP_2,COMPACT,2140,1976,0.19,7198.03,0.00,0.00,0.00,0.00,333,126993913,4424549,0,0,0,0,21726.0,25040,23503.44,24942,1
att48_p3_f70_lH,1845,10098,3,47,99,26238,26089,CTSP_2,COMPACT,3508,3284,0.37,7197.82,0.00,0.00,0.00,0.00,437,116106967,3467074,0,0,0,0,24209.5,26219,25546.73,26089,1
att48_p3_f70_lL,922,10098,3,47,99,26486,26405,CTSP_2,COMPACT,3508,3284,0.46,7198.09,0.00,0.00,0.00,0.00,441,112141348,2596803,0,0,0,0,24197.0,26486,25405.05,26486,1
att48_p3_f70_lM,1384,10098,3,47,99,26446,26314,CTSP_2,COMPACT,3508,3284,0.40,7197.79,0.00,0.00,0.00,0,429,105246157,3211629,0,0,0,0,24197.0,26486,25579.97,26390,1
att48_p3_f90_lH,2101,11173,3,47,127,29992,29929,CTSP_2,COMPACT,5740,5392,0.61,7197.89,0.00,0.00,0.00,0.00,512,78743193,1581018,0,0,0,0,27776.5,30010,28655.02,29971,1
att48_p3_f90_lL,1050,11173,3,47,127,29992,29992,CTSP_2,COMPACT,5740,5392,0.49,7197.83,0.00,0.00,0.00,0,534,77911305,1140000,0,0,0,0,27825.0,30058,28670.49,30058,1
att48_p3_f90_lM,1576,11173,3,47,127,29992,29992,CTSP_2,COMPACT,5740,5392,0.53,7197.75,0.00,0.00,0.00,0.00,535,82860764,1651249,0,0,0,0,27825.0,30058,28740.53,30058,1
att48_p5_f50_lH,1708,9398,5,47,122,40074,40047,CTSP_2,COMPACT,3332,2987,0.38,7197.24,0.00,0.00,0.00,0.00,702,127871172,5700800,0,0,0,0,35347.2,40051,37359.08,40051,1
att48_p5_f50_lL,854,9398,5,47,122,40768,40181,CTSP_2,COMPACT,3332,2987,0.31,7198.01,0.00,0.00,0.00,0.00,618,133257611,2399000,0,0,0,0,35060.4,40361,37465.81,40191,1
att48_p5_f50_lM,1281,9398,5,47,122,40169,40047,CTSP_2,COMPACT,3332,2987,0.42,7197.60,0.00,0.00,0.00,0.00,772,137519820,3634730,0,0,0,0,35613.9,40073,37249.01,40051,1
att48_p5_f70_lH,1845,10151,5,47,168,44427,44198,CTSP_2,COMPACT,6284,5667,0.96,7197.65,0.00,0.00,0.00,0,860,88478382,1548754,0,0,0,0,41122.0,44328,42620.26,44328,1
att48_p5_f70_lL,922,10151,5,47,168,45177,45095,CTSP_2,COMPACT,6284,5667,0.79,7197.07,0.00,0.00,0.00,0.00,768,96530005,2306110,0,0,0,0,41130.0,45130,42792.18,45130,1
att48_p5_f70_lM,1384,10151,5,47,168,45084,44517,CTSP_2,COMPACT,6284,5667,0.73,7197.44,0.00,0.00,0.00,0.00,765,97820921,2005307,0,0,0,0,41130.0,44641,42716.80,44641,1
att48_p5_f90_lH,2101,11559,5,47,214,50348,50305,CTSP_2,COMPACT,10138,9179,0.94,7196.71,0.00,0.00,0.00,0.00,816,60781446,1501843,0,0,0,0,46998.5,50445,47903.80,50406,1
att48_p5_f90_lL,1050,11559,5,47,214,50348,50348,CTSP_2,COMPACT,10138,9179,1.27,7197.00,0.00,0.00,0.00,0.00,827,55230633,847375,0,0,0,0,46998.5,50493,47914.24,50493,1
att48_p5_f90_lM,1576,11559,5,47,214,50348,50348,CTSP_2,COMPACT,10138,9179,1.11,7196.63,0.00,0.00,0.00,0.00,818,60384993,897117,0,0,0,0,46998.5,50493,47933.59,50493,1
gr48_p3_f50_lH,789,4339,3,47,72,11876,11846,CTSP_2,COMPACT,1874,1727,0.20,402.27,0.00,0.00,0.00,0.00,461,8204161,490747,0,0,0,0,11345.5,11876,11844.82,11846,2
gr48_p3_f50_lL,394,4339,3,47,72,11880,11880,CTSP_2,COMPACT,1874,1727,0.18,829.36,0.00,0.00,0.00,0.00,419,19361409,938121,0,0,0,0,11181.4,11880,11878.81,11880,2
gr48_p3_f50_lM,591,4339,3,47,72,11880,11876,CTSP_2,COMPACT,1874,1727,0.14,3029.98,0.00,0.00,0.00,0.00,391,50568168,3010675,0,0,0,0,11171.6,11876,11874.81,11876,2
gr48_p3_f70_lH,842,4540,3,47,99,12017,11940,CTSP_2,COMPACT,3514,3274,0.41,3426.64,0.00,0.00,0.00,0.00,369,46568227,3004639,0,0,0,0,11408.0,11940,11938.81,11940,2
gr48_p3_f70_lL,421,4540,3,47,99,12051,12017,CTSP_2,COMPACT,3514,3274,0.52,7198.16,0.00,0.00,0.00,0.00,381,127529818,2956838,0,0,0,0,11408.8,12017,11945.57,12017,1
gr48_p3_f70_lM,631,4540,3,47,99,12017,12017,CTSP_2,COMPACT,3514,3274,0.52,6170.25,0.00,0.00,0.00,0.00,398,92404529,3673538,0,0,0,0,11408.0,12017,12015.80,12017,2
gr48_p3_f90_lH,995,5476,3,47,135,14325,14325,CTSP_2,COMPACT,6466,6082,0.84,7197.35,0.00,0.00,0.00,0.00,591,74411147,1939344,0,0,0,0,13642.5,14365,14077.17,14353,1
gr48_p3_f90_lL,497,5476,3,47,135,14398,14398,CTSP_2,COMPACT,6466,6082,0.92,7197.68,0.00,0.00,0.00,0.00,603,77871084,1377007,0,0,0,0,13642.5,14437,14114.30,14437,1
gr48_p3_f90_lM,746,5476,3,47,135,14325,14325,CTSP_2,COMPACT,6466,6082,0.82,7197.69,0.00,0.00,0.00,0.00,631,79529489,1941774,0,0,0,0,13644.0,14437,14068.52,14325,1
gr48_p5_f50_lH,789,4339,5,47,121,19230,19216,CTSP_2,COMPACT,3282,2926,0.33,7197.59,0.00,0.00,0.00,0.00,584,121052158,3213218,0,0,0,0,18228.0,19230,19078.90,19216,1
gr48_p5_f50_lL,394,4339,5,47,121,19322,19230,CTSP_2,COMPACT,3282,2926,0.27,7197.95,0.00,0.00,0.00,0.00,550,130246628,2633234,0,0,0,0,18194.7,19230,19048.76,19230,1
gr48_p5_f50_lM,591,4339,5,47,121,19230,19230,CTSP_2,COMPACT,3282,2926,0.29,7197.91,0.00,0.00,0.00,0.00,585,124656494,4449634,0,0,0,0,18252.0,19230,19200.33,19230,1
gr48_p5_f70_lH,842,4632,5,47,165,20528,20451,CTSP_2,COMPACT,6066,5450,0.67,7197.32,0.00,0.00,0.00,0.00,673,87043775,2067093,0,0,0,0,19281.1,20451,19800.11,20451,1
gr48_p5_f70_lL,421,4632,5,47,165,20602,20561,CTSP_2,COMPACT,6066,5450,0.66,7197.45,0.00,0.00,0.00,0.00,668,90908725,1447519,0,0,0,0,19281.1,20741,19827.64,20741,1
gr48_p5_f70_lM,631,4632,5,47,165,20561,20528,CTSP_2,COMPACT,6066,5450,0.72,7197.22,0.00,0.00,0.00,0.00,666,81626079,2388399,0,0,0,0,19266.8,20528,19932.60,20528,1
gr48_p5_f90_lH,995,5476,5,47,220,24052,24027,CTSP_2,COMPACT,10698,9693,0.91,7197.15,0.00,0.00,0.00,0.00,961,66455209,1307059,0,0,0,0,22780.0,24136,23150.17,24088,1
gr48_p5_f90_lL,497,5476,5,47,220,24173,24173,CTSP_2,COMPACT,10698,9693,0.72,7197.21,0.00,0.00,0.00,0.00,961,64213297,1034109,0,0,0,0,22780.0,24225,23226.71,24204,1
gr48_p5_f90_lM,746,5476,5,47,220,24167,24052,CTSP_2,COMPACT,10698,9693,0.79,7197.16,0.00,0.00,0.00,0.00,956,66496727,1569272,0,0,0,0,22780.0,24136,23232.99,24115,1
hk48_p3_f50_lH,1815,9982,3,47,72,26026,25876,CTSP_2,COMPACT,1872,1727,0.18,7198.59,0.00,0.00,0.00,0.00,432,112606537,5134804,0,0,0,0,24591.0,26144,25784.34,25876,1
hk48_p3_f50_lL,907,9982,3,47,72,26449,26026,CTSP_2,COMPACT,1872,1727,0.22,7198.61,0.00,0.00,0.00,0.00,476,133241108,3941371,0,0,0,0,24626.0,26451,25864.99,26026,1
hk48_p3_f50_lM,1361,9982,3,47,72,26208,25876,CTSP_2,COMPACT,1872,1727,0.22,7198.67,0.00,0.00,0.00,0.00,439,119369817,5012393,0,0,0,0,24591.3,26144,25820.42,25876,1
hk48_p3_f70_lH,2024,11135,3,47,103,29522,29522,CTSP_2,COMPACT,3786,3540,0.30,7198.32,0.00,0.00,0.00,0.00,425,88323557,1631685,0,0,0,0,27596.5,29811,28841.41,29525,1
hk48_p3_f70_lL,1012,11135,3,47,103,29955,29927,CTSP_2,COMPACT,3786,3540,0.39,7198.37,0.00,0.00,0.00,0.00,484,85833392,1109723,0,0,0,0,27790.0,30016,28840.08,29988,1
hk48_p3_f70_lM,1518,11135,3,47,103,29784,29522,CTSP_2,COMPACT,3786,3540,0.30,7198.20,0.00,0.00,0.00,0,425,89209551,1506000,0,0,0,0,27596.5,29811,28848.51,29549,1
hk48_p3_f90_lH,2272,12499,3,47,126,32940,32931,CTSP_2,COMPACT,5650,5309,0.90,7197.81,0.00,0.00,0.00,0.00,1130,104286715,1970025,0,0,0,0,32193.3,32986,32682.22,32931,1
hk48_p3_f90_lL,1136,12499,3,47,126,32986,32940,CTSP_2,COMPACT,5650,5309,1.08,7197.84,0.00,0.00,0.00,0.00,1143,103266221,1440510,0,0,0,0,32152.0,32986,32637.77,32940,1
hk48_p3_f90_lM,1704,12499,3,47,126,32964,32940,CTSP_2,COMPACT,5650,5309,1.00,7197.85,0.00,0,0.00,0,1048,102844830,1624000,0,0,0,0,32116.0,32986,32639.00,32940,1
hk48_p5_f50_lH,1815,9982,5,47,119,42492,42266,CTSP_2,COMPACT,3186,2830,0.31,7197.92,0.00,0.00,0.00,0.00,536,125428451,2508194,0,0,0,0,40130.3,42691,41561.40,42266,1
hk48_p5_f50_lL,907,9982,5,47,119,43361,42751,CTSP_2,COMPACT,3186,2830,0.50,7198.28,0.00,0.00,0.00,0.00,518,122032876,1715341,0,0,0,0,40130.3,43019,41744.49,42751,1
hk48_p5_f50_lM,1361,9982,5,47,119,42861,42266,CTSP_2,COMPACT,3186,2830,0.43,7198.05,0.00,0.00,0.00,0.00,590,123348506,1954912,0,0,0,0,40162.2,42721,41672.90,42266,1
hk48_p5_f70_lH,2024,11135,5,47,165,49089,48862,CTSP_2,COMPACT,6058,5462,0.75,7197.84,0.00,0.00,0.00,0.00,585,76259314,1076669,0,0,0,0,46039.9,49219,47551.25,48951,1
hk48_p5_f70_lL,1012,11135,5,47,165,49454,49371,CTSP_2,COMPACT,6058,5462,0.83,7198.14,0.00,0.00,0.00,0.00,589,70263100,723913,0,0,0,0,46039.9,49497,47576.55,49497,1
hk48_p5_f70_lM,1518,11135,5,47,165,49406,48914,CTSP_2,COMPACT,6058,5462,0.79,7197.83,0.00,0.00,0.00,0.00,587,77159771,987000,0,0,0,0,46039.9,49219,47529.94,49189,1
hk48_p5_f90_lH,2272,12499,5,47,207,54279,54270,CTSP_2,COMPACT,9490,8588,1.28,7197.25,0.00,0.00,0.00,0.00,819,67285976,1058746,0,0,0,0,52457.5,54497,53570.31,54306,1
hk48_p5_f90_lL,1136,12499,5,47,207,54335,54287,CTSP_2,COMPACT,9490,8588,2.18,7197.57,0.00,0.00,0.00,0.00,840,61168108,947483,0,0,0,0,52457.6,54497,53549.66,54324,1
hk48_p5_f90_lM,1704,12499,5,47,207,54306,54276,CTSP_2,COMPACT,9490,8588,1.39,7197.31,0.00,0.00,0.00,0.00,819,65433356,948341,0,0,0,0,52457.5,54497,53558.43,54306,1
ry48p_p3_f50_lH,1985,10921,3,47,75,28551,28551,CTSP_2,COMPACT,2030,1876,0.11,7198.30,0.00,0.00,0.00,0.00,338,143261400,3163904,0,0,0,0,25369.5,28633,27475.25,28610,1
ry48p_p3_f50_lL,992,10921,3,47,75,28628,28551,CTSP_2,COMPACT,2030,1876,0.10,7198.26,0.00,0.00,0.00,0.00,342,145757448,2970312,0,0,0,0,25369.5,28674,27452.12,28551,1
ry48p_p3_f50_lM,1489,10921,3,47,75,28628,28551,CTSP_2,COMPACT,2030,1876,0.10,7198.33,0.00,0.00,0.00,0.00,344,144587875,3112753,0,0,0,0,25369.5,28633,27458.49,28610,1
ry48p_p3_f70_lH,2484,13665,3,47,106,36905,36859,CTSP_2,COMPACT,4006,3749,0.39,7198.05,0.00,0.00,0.00,0.00,490,109316481,2059430,0,0,0,0,34535.0,37007,35992.91,36997,1
ry48p_p3_f70_lL,1242,13665,3,47,106,37144,37102,CTSP_2,COMPACT,4006,3749,0.38,7198.06,0.00,0.00,0.00,0.00,493,107193039,1707399,0,0,0,0,34535.0,37215,36115.50,37215,1
ry48p_p3_f70_lM,1863,13665,3,47,106,37099,36913,CTSP_2,COMPACT,4006,3749,0.39,7197.96,0.00,0.00,0.00,0.00,491,107138556,2182553,0,0,0,0,34535.0,37215,36040.90,37084,1
ry48p_p3_f90_lH,2868,15776,3,47,132,41729,41729,CTSP_2,COMPACT,6202,5831,0.61,7197.86,0.00,0.00,0.00,0.00,835,86111803,1202851,0,0,0,0,39590.7,41805,40663.12,41729,1
ry48p_p3_f90_lL,1434,15776,3,47,132,41760,41737,CTSP_2,COMPACT,6202,5831,0.67,7197.99,0.00,0.00,0.00,0.00,806,82520566,1057000,0,0,0,0,39557.1,41805,40625.13,41797,1
ry48p_p3_f90_lM,2151,15776,3,47,132,41737,41729,CTSP_2,COMPACT,6202,5831,0.62,7197.86,0.00,0.00,0.00,0.00,964,80560202,1196000,0,0,0,0,39609.2,41805,40677.11,41797,1
ry48p_p5_f50_lH,1985,10921,5,47,125,48165,47946,CTSP_2,COMPACT,3494,3126,0.21,7197.88,0.00,0,0.00,0.00,559,137178101,2245464,0,0,0,0,43450.8,47946,45940.84,47946,1
ry48p_p5_f50_lL,992,10921,5,47,125,48585,48188,CTSP_2,COMPACT,3494,3126,0.26,7197.99,0.00,0.00,0.00,0.00,565,139091869,1718764,0,0,0,0,43437.6,48476,46037.58,48348,1
ry48p_p5_f50_lM,1489,10921,5,47,125,48276,48165,CTSP_2,COMPACT,3494,3126,0.22,7197.80,0.00,0.00,0.00,0.00,560,130681950,1904814,0,0,0,0,43450.8,48296,45898.14,48273,1
ry48p_p5_f70_lH,2484,13665,5,47,178,61325,61279,CTSP_2,COMPACT,7046,6341,0.81,7197.68,0.00,0.00,0.00,0.00,1117,90758917,1529249,0,0,0,0,56989.7,62214,59159.68,61930,1
ry48p_p5_f70_lL,1242,13665,5,47,178,61754,61636,CTSP_2,COMPACT,7046,6341,0.92,7197.85,0.00,0.00,0.00,0.00,1136,80952437,1054590,0,0,0,0,56989.7,62214,59071.33,62070,1
ry48p_p5_f70_lM,1863,13665,5,47,178,61649,61375,CTSP_2,COMPACT,7046,6341,0.86,7197.76,0.00,0.00,0.00,0.00,1130,84496064,1030187,0,0,0,0,56989.7,62214,58963.98,61893,1
ry48p_p5_f90_lH,2868,15776,5,47,219,68810,68810,CTSP_2,COMPACT,10618,9614,1.37,7196.48,0.00,0.00,0.00,0.00,1259,66598650,794263,0,0,0,0,64957.9,68873,66439.13,68826,1
ry48p_p5_f90_lL,1434,15776,5,47,219,68875,68826,CTSP_2,COMPACT,10618,9614,2.62,7197.25,0.00,0.00,0.00,0.00,1274,58365610,726604,0,0,0,0,64957.9,68873,66503.22,68826,1
ry48p_p5_f90_lM,2151,15776,5,47,219,68818,68810,CTSP_2,COMPACT,10618,9614,1.38,7197.16,0.00,0.00,0.00,0.00,1275,64358905,569447,0,0,0,0,64957.9,68873,66459.81,68826,1
eil51_p3_f50_lH,60,319,3,50,78,865,860,CTSP_2,COMPACT,2190,2035,0.33,284.27,0.00,0.00,0.00,0.00,555,6152458,279825,0,0,0,0,842.0,879,860.00,860,2
eil51_p3_f50_lL,30,319,3,50,78,871,869,CTSP_2,COMPACT,2190,2035,0.29,3826.04,0.00,0.00,0.00,0.00,461,55900277,1647046,0,0,0,0,841.0,885,869.00,869,2
eil51_p3_f50_lM,45,319,3,50,78,865,865,CTSP_2,COMPACT,2190,2035,0.29,3384.09,0.00,0.00,0.00,0,493,59363262,2064565,0,0,0,0,842.0,879,865.00,865,2
eil51_p3_f70_lH,73,387,3,50,102,1010,1008,CTSP_2,COMPACT,3706,3469,0.23,7198.22,0.00,0.00,0.00,0.00,470,105319297,2399234,0,0,0,0,960.3,1014,996.57,1008,1
eil51_p3_f70_lL,36,387,3,50,102,1018,1012,CTSP_2,COMPACT,3706,3469,0.24,7198.46,0.00,0.00,0.00,0.00,509,98396039,1465883,0,0,0,0,960.3,1014,998.17,1012,1
eil51_p3_f70_lM,55,387,3,50,102,1012,1012,CTSP_2,COMPACT,3706,3469,0.21,7198.42,0.00,0.00,0.00,0.00,473,99510703,1417000,0,0,0,0,960.3,1014,995.02,1012,1
eil51_p3_f90_lH,84,462,3,50,136,1212,1212,CTSP_2,COMPACT,6582,6205,0.72,7198.13,0.00,0.00,0.00,0.00,545,73946539,939415,0,0,0,0,1169.0,1216,1201.94,1212,1
eil51_p3_f90_lL,42,462,3,50,136,1218,1214,CTSP_2,COMPACT,6582,6205,0.97,7198.09,0.00,0.00,0.00,0.00,545,75380705,1145028,0,0,0,0,1169.0,1216,1200.34,1214,1
eil51_p3_f90_lM,63,462,3,50,136,1212,1212,CTSP_2,COMPACT,6582,6205,0.85,7198.04,0.00,0.00,0.00,0.00,547,76176382,1303812,0,0,0,0,1169.0,1216,1202.37,1212,1
eil51_p5_f50_lH,60,334,5,50,134,1464,1463,CTSP_2,COMPACT,4028,3601,0.76,7198.16,0.00,0.00,0.00,0.00,865,110166202,1776000,0,0,0,0,1400.0,1479,1450.01,1463,1
eil51_p5_f50_lL,30,334,5,50,134,1485,1475,CTSP_2,COMPACT,4028,3601,0.61,7198.41,0.00,0.00,0.00,0.00,749,97658688,1182216,0,0,0,0,1399.5,1484,1451.48,1484,1
eil51_p5_f50_lM,45,334,5,50,134,1469,1464,CTSP_2,COMPACT,4028,3601,0.59,7198.21,0.00,0.00,0.00,0.00,745,105611935,1674783,0,0,0,0,1399.5,1479,1449.49,1469,1
eil51_p5_f70_lH,73,405,5,50,173,1732,1730,CTSP_2,COMPACT,6616,6000,1.18,7197.35,0.00,0.00,0.00,0.00,732,74077258,760449,0,0,0,0,1655.3,1745,1682.98,1744,1
eil51_p5_f70_lL,36,405,5,50,173,1774,1732,CTSP_2,COMPACT,6616,6000,1.14,7197.43,0.00,0.00,0.00,0.00,755,72679523,987504,0,0,0,0,1655.5,1745,1684.00,1745,1
eil51_p5_f70_lM,55,405,5,50,173,1737,1732,CTSP_2,COMPACT,6616,6000,0.90,7197.59,0.00,0.00,0.00,0.00,686,74017250,1405028,0,0,0,0,1655.5,1745,1684.80,1745,1
eil51_p5_f90_lH,84,462,5,50,233,2053,2049,CTSP_2,COMPACT,11982,10908,3.59,7196.94,0.00,0.00,0.00,0.00,1040,54921573,902001,0,0,0,0,1982.8,2053,2016.47,2049,1
eil51_p5_f90_lL,42,462,5,50,233,2053,2053,CTSP_2,COMPACT,11982,10908,1.09,7197.17,0.00,0.00,0.00,0.00,938,50199146,688837,0,0,0,0,1983.5,2053,2015.83,2053,1
eil51_p5_f90_lM,63,462,5,50,233,2053,2049,CTSP_2,COMPACT,11982,10908,1.55,7197.38,0.00,0.00,0.00,0.00,981,51959574,915105,0,0,0,0,1982.8,2051,2015.33,2049,1
