Instance name,T,max time,# days,# customers,# operations,Opt. no waiting,Opt. waiting,Problem type,Algorithm,# cons,# var,Root time (sec.),Total time (sec.),SEC r_time (sec.),SEC time (sec.),PEC r_time (sec.),PEC time (sec.),# BB r_iterations,# BC iterations,# BC nodes,# SEC r_cuts,# SEC cuts,# PEC r_cuts,# PEC cuts,Root LB,Root UB,Best Bound,Best Integer,Status
burma14_p3_f50_lH,617,2817,3,13,22,7328,7308,CTSP_2,COMPACT,206,161,0.00,0.00,0.00,0.00,0.00,0.00,0,88,0,5,5,0,0,0.0,0,7308.00,7308,2
burma14_p3_f50_lL,308,2817,3,13,22,7328,7328,CTSP_2,COMPACT,206,161,0.01,0.01,0.00,0.00,0.00,0.00,102,273,18,5,7,0,0,7308.0,7328,7328.00,7328,2
burma14_p3_f50_lM,463,2817,3,13,22,7328,7308,CTSP_2,COMPACT,206,161,0.00,0.00,0.00,0.00,0.00,0.00,0,95,0,5,5,0,0,0.0,0,7308.00,7308,2
burma14_p3_f70_lH,621,3418,3,13,31,8572,8508,CTSP_2,COMPACT,398,322,0.03,0.23,0.00,0.02,0.00,0.00,216,8335,683,11,38,0,0,8414.0,8508,8508.00,8508,2
burma14_p3_f70_lL,310,3418,3,13,31,8652,8572,CTSP_2,COMPACT,398,322,0.03,0.08,0.00,0.00,0.00,0.00,221,1612,91,11,25,0,0,8414.0,8572,8572.00,8572,2
burma14_p3_f70_lM,466,3418,3,13,31,8572,8508,CTSP_2,COMPACT,398,322,0.03,0.07,0.00,0.00,0.00,0.00,212,1161,68,11,20,0,0,8414.0,8508,8508.00,8508,2
burma14_p3_f90_lH,653,3554,3,13,35,9513,9513,CTSP_2,COMPACT,496,408,0.03,0.03,0.00,0.00,0.00,0.00,190,424,15,8,16,0,0,9490.0,9513,9513.00,9513,2
burma14_p3_f90_lL,326,3554,3,13,35,9513,9513,CTSP_2,COMPACT,496,408,0.02,0.04,0.00,0.00,0.00,0.00,203,484,14,8,12,0,0,9490.0,9513,9513.00,9513,2
burma14_p3_f90_lM,490,3554,3,13,35,9513,9513,CTSP_2,COMPACT,496,408,0.02,0.04,0.00,0.00,0.00,0.00,208,354,10,8,12,0,0,9490.0,9513,9513.00,9513,2
burma14_p5_f50_lH,617,3395,5,13,36,12687,12667,CTSP_2,COMPACT,362,259,0.00,0.00,0.00,0.00,0.00,0.00,0,130,0,10,10,0,0,0.0,0,12667.00,12667,2
burma14_p5_f50_lL,308,3395,5,13,36,12687,12687,CTSP_2,COMPACT,362,259,0.02,0.02,0.00,0.00,0.00,0.00,169,326,18,10,14,0,0,12667.0,12687,12687.00,12687,2
burma14_p5_f50_lM,463,3395,5,13,36,12687,12667,CTSP_2,COMPACT,362,259,0.00,0.00,0.00,0.00,0.00,0.00,0,135,0,10,10,0,0,0.0,0,12667.00,12667,2
burma14_p5_f70_lH,621,3418,5,13,50,14313,14241,CTSP_2,COMPACT,690,501,0.04,1.14,0.00,0.08,0.00,0.00,286,35413,2515,18,80,0,0,14085.0,14241,14239.63,14241,2
burma14_p5_f70_lL,310,3418,5,13,50,14393,14313,CTSP_2,COMPACT,690,501,0.04,0.47,0.00,0.03,0.00,0.00,280,10844,755,19,70,0,0,14085.0,14313,14311.71,14313,2
burma14_p5_f70_lM,466,3418,5,13,50,14313,14249,CTSP_2,COMPACT,690,501,0.04,0.74,0.00,0.06,0.00,0.00,290,20931,1391,18,81,0,0,14085.0,14249,14247.68,14249,2
burma14_p5_f90_lH,653,3593,5,13,58,16048,16048,CTSP_2,COMPACT,908,671,0.04,0.15,0.00,0.01,0.00,0.00,305,2328,84,10,28,0,0,15974.0,16048,16046.63,16048,2
burma14_p5_f90_lL,326,3593,5,13,58,16048,16048,CTSP_2,COMPACT,908,671,0.04,0.20,0.00,0.01,0.00,0.00,295,3634,172,10,32,0,0,15974.0,16048,16048.00,16048,2
burma14_p5_f90_lM,490,3593,5,13,58,16048,16048,CTSP_2,COMPACT,908,671,0.04,0.21,0.00,0.01,0.00,0.00,287,3873,177,10,36,0,0,15974.0,16048,16047.00,16048,2
ulysses16_p3_f50_lH,1251,6880,3,15,26,17303,17303,CTSP_2,COMPACT,274,225,0.01,0.02,0.00,0.00,0.00,0.00,161,258,9,9,11,0,0,17283.0,17303,17303.00,17303,2
ulysses16_p3_f50_lL,625,6880,3,15,26,17303,17303,CTSP_2,COMPACT,274,225,0.02,0.02,0.00,0.00,0.00,0.00,165,256,8,9,11,0,0,17283.0,17303,17303.00,17303,2
ulysses16_p3_f50_lM,938,6880,3,15,26,17303,17303,CTSP_2,COMPACT,274,225,0.01,0.01,0.00,0.00,0.00,0.00,145,213,9,9,14,0,0,17283.0,17303,17303.00,17303,2
ulysses16_p3_f70_lH,1330,7241,3,15,35,19668,19668,CTSP_2,COMPACT,492,408,0.03,0.23,0.00,0.02,0.00,0.00,193,5458,405,9,43,0,0,19385.0,19668,19667.00,19668,2
ulysses16_p3_f70_lL,665,7241,3,15,35,19668,19668,CTSP_2,COMPACT,492,408,0.04,0.16,0.00,0.01,0.00,0.00,210,3412,239,9,42,0,0,19385.0,19668,19666.65,19668,2
ulysses16_p3_f70_lM,997,7241,3,15,35,19668,19668,CTSP_2,COMPACT,492,408,0.03,0.13,0.00,0.01,0.00,0.00,206,2608,168,9,41,0,0,19385.0,19668,19667.00,19668,2
ulysses16_p3_f90_lH,1348,7417,3,15,39,20212,20212,CTSP_2,COMPACT,608,506,0.04,0.39,0.00,0.03,0.00,0.00,239,8965,752,12,59,0,0,20049.0,20212,20210.00,20212,2
ulysses16_p3_f90_lL,674,7417,3,15,39,20212,20212,CTSP_2,COMPACT,608,506,0.05,0.30,0.00,0.02,0.00,0.00,242,7587,504,12,52,0,0,20049.0,20212,20210.76,20212,2
ulysses16_p3_f90_lM,1011,7417,3,15,39,20212,20212,CTSP_2,COMPACT,608,506,0.06,0.44,0.00,0.03,0.00,0.00,247,9771,775,12,54,0,0,20049.0,20212,20210.00,20212,2
ulysses16_p5_f50_lH,1251,6880,5,15,40,28783,28783,CTSP_2,COMPACT,432,321,0.02,0.43,0.00,0.05,0.00,0.00,223,15930,1344,13,57,0,0,28522.0,28783,28780.48,28783,2
ulysses16_p5_f50_lL,625,6880,5,15,40,28816,28783,CTSP_2,COMPACT,432,321,0.02,0.47,0.00,0.04,0.00,0.00,200,18728,1376,13,59,0,0,28522.0,28783,28780.22,28783,2
ulysses16_p5_f50_lM,938,6880,5,15,40,28816,28783,CTSP_2,COMPACT,432,321,0.03,0.36,0.00,0.03,0.00,0.00,208,14025,996,13,54,0,0,28522.0,28783,28780.57,28783,2
ulysses16_p5_f70_lH,1330,7316,5,15,59,32502,32502,CTSP_2,COMPACT,922,694,0.09,1.66,0.00,0.11,0.00,0.00,327,43461,1932,16,110,0,0,32034.0,32518,32498.79,32502,2
ulysses16_p5_f70_lL,665,7316,5,15,59,32502,32502,CTSP_2,COMPACT,922,694,0.09,1.32,0.00,0.10,0.00,0.00,330,29034,1407,16,100,0,0,32034.0,32518,32498.99,32502,2
ulysses16_p5_f70_lM,997,7316,5,15,59,32502,32502,CTSP_2,COMPACT,922,694,0.07,2.15,0.00,0.17,0.00,0.00,380,52099,2959,16,131,0,0,32034.0,32518,32498.87,32502,2
ulysses16_p5_f90_lH,1348,7417,5,15,66,33408,33408,CTSP_2,COMPACT,1144,869,0.13,1.09,0.00,0.07,0.00,0.00,421,18777,741,22,75,0,0,33184.0,33408,33404.74,33408,2
ulysses16_p5_f90_lL,674,7417,5,15,66,33408,33408,CTSP_2,COMPACT,1144,869,0.11,0.68,0.00,0.02,0.00,0.00,421,8287,338,22,63,0,0,33184.0,33408,33407.00,33408,2
ulysses16_p5_f90_lM,1011,7417,5,15,66,33408,33408,CTSP_2,COMPACT,1144,869,0.10,0.28,0.00,0.00,0.00,0.00,431,2180,68,22,45,0,0,33184.0,33408,33405.47,33408,2
br17_p3_f50_lH,7,42,3,16,26,117,117,CTSP_2,COMPACT,282,225,0.00,0.00,0.00,0.00,0.00,0.00,0,141,0,19,19,0,0,0.0,0,117.00,117,2
br17_p3_f50_lL,3,42,3,16,26,117,117,CTSP_2,COMPACT,282,225,0.00,0.00,0.00,0.00,0.00,0.00,0,159,0,19,19,0,0,0.0,0,117.00,117,2
br17_p3_f50_lM,5,42,3,16,26,117,117,CTSP_2,COMPACT,282,225,0.00,0.00,0.00,0.00,0.00,0.00,0,163,0,19,19,0,0,0.0,0,117.00,117,2
br17_p3_f70_lH,7,42,3,16,37,117,117,CTSP_2,COMPACT,546,458,0.00,0.02,0.00,0.00,0.00,0.00,0,237,0,36,36,0,0,0.0,0,117.00,117,2
br17_p3_f70_lL,3,42,3,16,37,117,117,CTSP_2,COMPACT,546,458,0.00,0.01,0.00,0.00,0.00,0.00,0,220,0,32,32,0,0,0.0,0,117.00,117,2
br17_p3_f70_lM,5,42,3,16,37,117,117,CTSP_2,COMPACT,546,458,0.00,0.02,0.00,0.00,0.00,0.00,0,239,0,36,36,0,0,0.0,0,117.00,117,2
br17_p3_f90_lH,7,42,3,16,42,117,117,CTSP_2,COMPACT,694,587,0.00,0.01,0.00,0.00,0.00,0.00,0,297,0,37,37,0,0,0.0,0,117.00,117,2
br17_p3_f90_lL,3,42,3,16,42,117,117,CTSP_2,COMPACT,694,587,0.00,0.02,0.00,0.00,0.00,0.00,0,349,0,33,33,0,0,0.0,0,117.00,117,2
br17_p3_f90_lM,5,42,3,16,42,117,117,CTSP_2,COMPACT,694,587,0.00,0.02,0.00,0.00,0.00,0.00,0,322,0,33,33,0,0,0.0,0,117.00,117,2
br17_p5_f50_lH,7,42,5,16,44,195,195,CTSP_2,COMPACT,500,385,0.00,0.01,0.00,0.00,0.00,0.00,0,246,0,28,28,0,0,0.0,0,195.00,195,2
br17_p5_f50_lL,3,42,5,16,44,195,195,CTSP_2,COMPACT,500,385,0.00,0.01,0.00,0.00,0.00,0.00,0,255,0,28,28,0,0,0.0,0,195.00,195,2
br17_p5_f50_lM,5,42,5,16,44,195,195,CTSP_2,COMPACT,500,385,0.00,0.01,0.00,0.00,0.00,0.00,0,243,0,27,27,0,0,0.0,0,195.00,195,2
br17_p5_f70_lH,7,42,5,16,61,190,190,CTSP_2,COMPACT,972,746,0.00,0.01,0.00,0.00,0.00,0.00,0,421,0,51,51,0,0,0.0,0,190.00,190,2
br17_p5_f70_lL,3,42,5,16,61,190,190,CTSP_2,COMPACT,972,746,0.00,0.02,0.00,0.00,0.00,0.00,0,464,0,58,58,0,0,0.0,0,190.00,190,2
br17_p5_f70_lM,5,42,5,16,61,190,190,CTSP_2,COMPACT,972,746,0.00,0.02,0.00,0.00,0.00,0.00,0,419,0,52,52,0,0,0.0,0,190.00,190,2
br17_p5_f90_lH,7,42,5,16,71,195,195,CTSP_2,COMPACT,1296,1006,0.00,0.04,0.00,0.00,0.00,0.00,0,532,0,61,61,0,0,0.0,0,195.00,195,2
br17_p5_f90_lL,3,42,5,16,71,195,195,CTSP_2,COMPACT,1296,1006,0.00,0.04,0.00,0.00,0.00,0.00,0,581,0,57,57,0,0,0.0,0,195.00,195,2
br17_p5_f90_lM,5,42,5,16,71,195,195,CTSP_2,COMPACT,1296,1006,0.00,0.03,0.00,0.00,0.00,0.00,0,496,0,54,54,0,0,0.0,0,195.00,195,2
gr17_p3_f50_lH,359,1970,3,16,27,5186,5186,CTSP_2,COMPACT,298,242,0.00,0.01,0.00,0.00,0.00,0.00,0,167,0,13,13,0,0,0.0,0,5186.00,5186,2
gr17_p3_f50_lL,179,1970,3,16,27,5186,5186,CTSP_2,COMPACT,298,242,0.00,0.00,0.00,0.00,0.00,0.00,0,164,0,13,13,0,0,0.0,0,5186.00,5186,2
gr17_p3_f50_lM,269,1970,3,16,27,5186,5186,CTSP_2,COMPACT,298,242,0.00,0.00,0.00,0.00,0.00,0.00,0,164,0,13,13,0,0,0.0,0,5186.00,5186,2
gr17_p3_f70_lH,387,2068,3,16,37,5563,5534,CTSP_2,COMPACT,546,456,0.07,1.88,0.00,0.19,0.00,0.00,250,58921,4912,11,108,0,0,5499.0,5586,5534.00,5534,2
gr17_p3_f70_lL,193,2068,3,16,37,5621,5588,CTSP_2,COMPACT,546,456,0.06,8.09,0.00,0.80,0.00,0.00,264,263090,22305,11,182,0,0,5499.0,5588,5588.00,5588,2
gr17_p3_f70_lM,290,2068,3,16,37,5588,5534,CTSP_2,COMPACT,546,456,0.04,1.99,0.00,0.26,0.00,0.00,246,60947,5829,11,94,0,0,5499.0,5586,5534.00,5534,2
gr17_p3_f90_lH,416,2242,3,16,44,6009,6009,CTSP_2,COMPACT,762,647,0.04,0.11,0.00,0.00,0.00,0.00,320,1705,79,20,38,0,0,5975.0,6009,6009.00,6009,2
gr17_p3_f90_lL,208,2242,3,16,44,6009,6009,CTSP_2,COMPACT,762,647,0.04,0.13,0.00,0.01,0.00,0.00,331,1516,67,18,37,0,0,5975.0,6009,6009.00,6009,2
gr17_p3_f90_lM,312,2242,3,16,44,6009,6009,CTSP_2,COMPACT,762,647,0.04,0.14,0.00,0.01,0.00,0.00,320,2123,101,20,41,0,0,5975.0,6009,6009.00,6009,2
gr17_p5_f50_lH,359,1977,5,16,44,8456,8448,CTSP_2,COMPACT,512,385,0.03,0.05,0.00,0.00,0.00,0.00,273,443,16,21,21,0,0,8444.0,8448,8448.00,8448,2
gr17_p5_f50_lL,179,1977,5,16,44,8456,8456,CTSP_2,COMPACT,512,385,0.03,0.05,0.00,0.00,0.00,0.00,250,1016,36,21,30,0,0,8444.0,8456,8456.00,8456,2
gr17_p5_f50_lM,269,1977,5,16,44,8456,8452,CTSP_2,COMPACT,512,385,0.02,0.05,0.00,0.00,0.00,0.00,214,713,37,21,26,0,0,8444.0,8452,8452.00,8452,2
gr17_p5_f70_lH,387,2129,5,16,61,9236,9232,CTSP_2,COMPACT,966,744,0.06,16.20,0.00,1.87,0.00,0.00,403,456614,28199,21,235,0,0,9144.0,9232,9232.00,9232,2
gr17_p5_f70_lL,193,2129,5,16,61,9343,9238,CTSP_2,COMPACT,966,744,0.06,6.09,0.00,0.61,0.00,0.00,387,178798,10345,21,145,0,0,9144.0,9238,9238.00,9238,2
gr17_p5_f70_lM,290,2129,5,16,61,9238,9234,CTSP_2,COMPACT,966,744,0.06,15.47,0.00,1.66,0.00,0.00,405,450418,26188,21,215,0,0,9144.0,9234,9234.00,9234,2
gr17_p5_f90_lH,416,2290,5,16,75,10027,10027,CTSP_2,COMPACT,1452,1126,0.13,3.88,0.00,0.27,0.00,0.00,532,83896,3247,37,152,0,0,9962.0,10027,10026.00,10027,2
gr17_p5_f90_lL,208,2290,5,16,75,10027,10027,CTSP_2,COMPACT,1452,1126,0.20,2.13,0.00,0.12,0.00,0.00,622,39867,1522,37,134,0,0,9962.0,10027,10026.00,10027,2
gr17_p5_f90_lM,312,2290,5,16,75,10027,10027,CTSP_2,COMPACT,1452,1126,0.09,1.57,0.00,0.08,0.00,0.00,547,27283,1115,37,123,0,0,9962.0,10027,10026.00,10027,2
gr21_p3_f50_lH,491,2701,3,20,35,6859,6859,CTSP_2,COMPACT,476,408,0.00,0.00,0.00,0.00,0.00,0.00,0,107,0,12,12,0,0,0.0,0,6859.00,6859,2
gr21_p3_f50_lL,245,2701,3,20,35,6988,6859,CTSP_2,COMPACT,476,408,0.00,0.00,0.00,0.00,0.00,0.00,0,105,0,12,12,0,0,0.0,0,6859.00,6859,2
gr21_p3_f50_lM,368,2701,3,20,35,6861,6859,CTSP_2,COMPACT,476,408,0.00,0.00,0.00,0.00,0.00,0.00,0,102,0,12,12,0,0,0.0,0,6859.00,6859,2
gr21_p3_f70_lH,489,2690,3,20,41,7192,7192,CTSP_2,COMPACT,650,560,0.07,0.07,0.00,0.00,0.00,0.00,186,507,12,8,30,0,0,7187.0,7192,7192.00,7192,2
gr21_p3_f70_lL,244,2690,3,20,41,7192,7192,CTSP_2,COMPACT,650,560,0.06,0.07,0.00,0.00,0.00,0.00,178,402,13,8,18,0,0,7187.0,7192,7192.00,7192,2
gr21_p3_f70_lM,366,2690,3,20,41,7192,7192,CTSP_2,COMPACT,650,560,0.05,0.07,0.00,0.00,0.00,0.00,179,442,13,8,18,0,0,7187.0,7192,7192.00,7192,2
gr21_p3_f90_lH,546,3004,3,20,56,7993,7993,CTSP_2,COMPACT,1202,1049,0.00,0.03,0.00,0.00,0.00,0.00,0,232,0,53,53,0,0,0.0,0,7993.00,7993,2
gr21_p3_f90_lL,273,3004,3,20,56,7993,7993,CTSP_2,COMPACT,1202,1049,0.00,0.03,0.00,0.00,0.00,0.00,0,229,0,53,53,0,0,0.0,0,7993.00,7993,2
gr21_p3_f90_lM,409,3004,3,20,56,7993,7993,CTSP_2,COMPACT,1202,1049,0.00,0.03,0.00,0.00,0.00,0.00,0,233,0,53,53,0,0,0.0,0,7993.00,7993,2
gr21_p5_f50_lH,491,2701,5,20,59,11587,11587,CTSP_2,COMPACT,874,694,0.04,0.04,0.00,0.00,0.00,0.00,230,629,14,17,24,0,0,11565.0,11587,11587.00,11587,2
gr21_p5_f50_lL,245,2701,5,20,59,11745,11587,CTSP_2,COMPACT,874,694,0.08,0.08,0.00,0.00,0.00,0.00,234,365,6,17,25,0,0,11565.0,11587,11587.00,11587,2
gr21_p5_f50_lM,368,2701,5,20,59,11589,11587,CTSP_2,COMPACT,874,694,0.06,0.08,0.00,0.00,0.00,0.00,232,392,5,17,20,0,0,11565.0,11587,11587.00,11587,2
gr21_p5_f70_lH,489,2690,5,20,71,11791,11791,CTSP_2,COMPACT,1260,1010,0.06,0.13,0.00,0.00,0.00,0.00,355,1297,21,10,18,0,0,11764.0,11791,11791.00,11791,2
gr21_p5_f70_lL,244,2690,5,20,71,11832,11791,CTSP_2,COMPACT,1260,1010,0.08,0.17,0.00,0.00,0.00,0.00,371,868,12,10,13,0,0,11764.0,11791,11791.00,11791,2
gr21_p5_f70_lM,366,2690,5,20,71,11791,11791,CTSP_2,COMPACT,1260,1010,0.11,0.25,0.00,0.00,0.00,0.00,359,818,11,10,11,0,0,11764.0,11791,11791.00,11791,2
gr21_p5_f90_lH,546,3004,5,20,93,13238,13238,CTSP_2,COMPACT,2142,1732,0.00,0.08,0.00,0.00,0.00,0.00,0,419,0,64,64,0,0,0.0,0,13238.00,13238,2
gr21_p5_f90_lL,273,3004,5,20,93,13245,13238,CTSP_2,COMPACT,2142,1732,0.00,0.08,0.00,0.00,0.00,0.00,0,413,0,64,64,0,0,0.0,0,13238.00,13238,2
gr21_p5_f90_lM,409,3004,5,20,93,13238,13238,CTSP_2,COMPACT,2142,1732,0.00,0.08,0.00,0.00,0.00,0.00,0,420,0,64,64,0,0,0.0,0,13238.00,13238,2
ulysses22_p3_f50_lH,1239,6792,3,21,35,18453,18453,CTSP_2,COMPACT,480,408,0.00,0.01,0.00,0.00,0.00,0.00,0,221,0,16,16,0,0,0.0,0,18453.00,18453,2
ulysses22_p3_f50_lL,619,6792,3,21,35,18453,18453,CTSP_2,COMPACT,480,408,0.00,0.01,0.00,0.00,0.00,0.00,0,220,0,16,16,0,0,0.0,0,18453.00,18453,2
ulysses22_p3_f50_lM,929,6792,3,21,35,18453,18453,CTSP_2,COMPACT,480,408,0.00,0.01,0.00,0.00,0.00,0.00,0,222,0,16,16,0,0,0.0,0,18453.00,18453,2
ulysses22_p3_f70_lH,1330,7068,3,21,44,19213,19213,CTSP_2,COMPACT,750,647,0.00,0.02,0.00,0.00,0.00,0.00,0,229,0,11,11,0,0,0.0,0,19213.00,19213,2
ulysses22_p3_f70_lL,665,7068,3,21,44,19213,19213,CTSP_2,COMPACT,750,647,0.04,0.04,0.00,0.00,0.00,0.00,233,265,3,11,11,0,0,19201.5,19213,19213.00,19213,2
ulysses22_p3_f70_lM,997,7068,3,21,44,19213,19213,CTSP_2,COMPACT,750,647,0.04,0.04,0.00,0.00,0.00,0.00,221,221,1,11,11,0,0,19201.5,19213,19213.00,19213,2
ulysses22_p3_f90_lH,1393,7662,3,21,57,20718,20718,CTSP_2,COMPACT,1236,1084,0.11,0.43,0.00,0.01,0.00,0.00,417,2945,106,31,50,0,0,20657.0,20718,20716.49,20718,2
ulysses22_p3_f90_lL,696,7662,3,21,57,20718,20718,CTSP_2,COMPACT,1236,1084,0.10,0.39,0.00,0.02,0.00,0.00,441,3645,176,31,52,0,0,20657.0,20718,20716.07,20718,2
ulysses22_p3_f90_lM,1044,7662,3,21,57,20718,20718,CTSP_2,COMPACT,1236,1084,0.11,0.43,0.00,0.01,0.00,0.00,433,3742,140,31,60,0,0,20657.0,20718,20718.00,20718,2
ulysses22_p5_f50_lH,1239,6818,5,21,56,30433,30433,CTSP_2,COMPACT,786,627,0.04,0.07,0.00,0.00,0.00,0.00,376,567,9,22,24,0,0,30412.0,30433,30433.00,30433,2
ulysses22_p5_f50_lL,619,6818,5,21,56,30433,30433,CTSP_2,COMPACT,786,627,0.04,0.06,0.00,0.00,0.00,0.00,357,470,5,22,23,0,0,30412.0,30433,30433.00,30433,2
ulysses22_p5_f50_lM,929,6818,5,21,56,30433,30433,CTSP_2,COMPACT,786,627,0.00,0.04,0.00,0.00,0.00,0.00,0,323,0,22,22,0,0,0.0,0,30433.00,30433,2
ulysses22_p5_f70_lH,1330,7317,5,21,75,32405,32405,CTSP_2,COMPACT,1398,1130,0.00,0.05,0.00,0.00,0.00,0.00,0,496,0,26,26,0,0,0.0,0,32405.00,32405,2
ulysses22_p5_f70_lL,665,7317,5,21,75,32405,32405,CTSP_2,COMPACT,1398,1130,0.00,0.03,0.00,0.00,0.00,0.00,0,444,0,26,26,0,0,0.0,0,32405.00,32405,2
ulysses22_p5_f70_lM,997,7317,5,21,75,32405,32405,CTSP_2,COMPACT,1398,1130,0.00,0.03,0.00,0.00,0.00,0.00,0,448,0,26,26,0,0,0.0,0,32405.00,32405,2
ulysses22_p5_f90_lH,1393,7662,5,21,96,33904,33904,CTSP_2,COMPACT,2260,1847,0.41,2.57,0.00,0.11,0.00,0.00,698,22019,637,55,134,0,0,33826.0,33904,33900.76,33904,2
ulysses22_p5_f90_lL,696,7662,5,21,96,33930,33904,CTSP_2,COMPACT,2260,1847,0.24,1.70,0.00,0.06,0.00,0.00,735,11163,272,53,80,0,0,33826.0,33904,33900.83,33904,2
ulysses22_p5_f90_lM,1044,7662,5,21,96,33904,33904,CTSP_2,COMPACT,2260,1847,0.31,1.76,0.00,0.03,0.00,0.00,664,11427,234,52,84,0,0,33826.0,33904,33900.70,33904,2
gr24_p3_f50_lH,215,1182,3,23,38,3086,3066,CTSP_2,COMPACT,550,481,0.03,0.05,0.00,0.00,0.00,0.00,255,519,25,16,20,0,0,3059.0,3066,3066.00,3066,2
gr24_p3_f50_lL,107,1182,3,23,38,3097,3086,CTSP_2,COMPACT,550,481,0.04,0.20,0.00,0.02,0.00,0.00,250,5048,448,16,45,0,0,3059.0,3086,3086.00,3086,2
gr24_p3_f50_lM,161,1182,3,23,38,3086,3066,CTSP_2,COMPACT,550,481,0.03,0.06,0.00,0.00,0.00,0.00,260,660,32,16,22,0,0,3059.0,3066,3066.00,3066,2
gr24_p3_f70_lH,219,1207,3,23,52,3211,3207,CTSP_2,COMPACT,1024,901,0.00,0.04,0.00,0.00,0.00,0.00,0,322,0,27,27,0,0,0.0,0,3207.00,3207,2
gr24_p3_f70_lL,109,1207,3,23,52,3284,3216,CTSP_2,COMPACT,1024,901,0.12,0.15,0.00,0.00,0.00,0.00,388,444,4,26,27,0,0,3207.0,3216,3216.00,3216,2
gr24_p3_f70_lM,164,1207,3,23,52,3216,3211,CTSP_2,COMPACT,1024,901,0.10,0.14,0.00,0.00,0.00,0.00,337,473,7,27,27,0,0,3207.0,3211,3211.00,3211,2
gr24_p3_f90_lH,247,1358,3,23,61,3572,3568,CTSP_2,COMPACT,1398,1240,0.00,0.05,0.00,0.00,0.00,0.00,0,390,0,31,31,0,0,0.0,0,3568.00,3568,2
gr24_p3_f90_lL,123,1358,3,23,61,3602,3585,CTSP_2,COMPACT,1398,1240,0.14,0.44,0.00,0.02,0.00,0.00,425,6194,391,32,66,0,0,3568.0,3585,3585.00,3585,2
gr24_p3_f90_lM,185,1358,3,23,61,3589,3572,CTSP_2,COMPACT,1398,1240,0.09,0.14,0.00,0.00,0.00,0.00,395,1103,16,31,38,0,0,3568.0,3572,3572.00,3572,2
gr24_p5_f50_lH,215,1182,5,23,64,5026,5006,CTSP_2,COMPACT,998,817,0.07,0.17,0.00,0.00,0.00,0.00,361,1523,54,21,39,0,0,4997.0,5006,5006.00,5006,2
gr24_p5_f50_lL,107,1182,5,23,64,5064,5026,CTSP_2,COMPACT,998,817,0.06,0.45,0.00,0.03,0.00,0.00,327,8251,408,21,61,0,0,4997.0,5026,5026.00,5026,2
gr24_p5_f50_lM,161,1182,5,23,64,5026,5006,CTSP_2,COMPACT,998,817,0.06,0.17,0.00,0.00,0.00,0.00,338,933,46,21,26,0,0,4997.0,5006,5006.00,5006,2
gr24_p5_f70_lH,219,1208,5,23,85,5409,5400,CTSP_2,COMPACT,1754,1444,0.00,0.14,0.00,0.00,0.00,0.00,0,548,0,38,38,0,0,0.0,0,5400.00,5400,2
gr24_p5_f70_lL,109,1208,5,23,85,5508,5477,CTSP_2,COMPACT,1754,1444,0.19,40.12,0.00,3.04,0.00,0.00,544,850074,35338,38,357,0,0,5400.0,5477,5477.00,5477,2
gr24_p5_f70_lM,164,1208,5,23,85,5477,5409,CTSP_2,COMPACT,1754,1444,0.21,0.35,0.00,0.00,0.00,0.00,537,1952,29,38,59,0,0,5400.0,5409,5409.00,5409,2
gr24_p5_f90_lH,247,1358,5,23,101,5873,5873,CTSP_2,COMPACT,2458,2038,0.31,0.85,0.00,0.00,0.00,0.00,626,1988,28,44,55,0,0,5869.0,5873,5873.00,5873,2
gr24_p5_f90_lL,123,1358,5,23,101,5973,5964,CTSP_2,COMPACT,2458,2038,0.31,3458.37,0.00,219.64,0.00,0.00,737,49749514,1444996,45,1506,0,0,5869.0,5964,5964.00,5964,2
gr24_p5_f90_lM,185,1358,5,23,101,5943,5903,CTSP_2,COMPACT,2458,2038,0.26,2.12,0.00,0.18,0.00,0.00,755,23349,1591,43,108,0,0,5869.0,5903,5903.00,5903,2
fri26_p3_f50_lH,163,900,3,25,40,2167,2166,CTSP_2,COMPACT,616,533,0.00,0.03,0.00,0.00,0.00,0.00,0,272,0,24,24,0,0,0.0,0,2166.00,2166,2
fri26_p3_f50_lL,81,900,3,25,40,2167,2167,CTSP_2,COMPACT,616,533,0.05,0.04,0.00,0.00,0.00,0.00,282,312,3,24,24,0,0,2164.5,2167,2167.00,2167,2
fri26_p3_f50_lM,122,900,3,25,40,2167,2167,CTSP_2,COMPACT,616,533,0.05,0.03,0.00,0.00,0.00,0.00,293,344,3,24,24,0,0,2166.0,2167,2167.00,2167,2
fri26_p3_f70_lH,166,914,3,25,49,2296,2259,CTSP_2,COMPACT,906,800,0.09,7.53,0.00,0.84,0.00,0.00,421,188748,14333,16,146,0,0,2242.0,2291,2259.00,2259,2
fri26_p3_f70_lL,83,914,3,25,49,2297,2291,CTSP_2,COMPACT,906,800,0.06,306.83,0.00,22.41,0.00,0.00,416,6200055,384368,16,504,0,0,2241.0,2291,2291.00,2291,2
fri26_p3_f70_lM,124,914,3,25,49,2297,2290,CTSP_2,COMPACT,906,800,0.08,820.19,0.00,48.11,0.00,0.00,400,12803763,840673,16,614,0,0,2241.0,2291,2290.00,2290,2
fri26_p3_f90_lH,184,1015,3,25,66,2620,2620,CTSP_2,COMPACT,1636,1457,0.13,1.24,0.00,0.08,0.00,0.00,586,15394,806,25,95,0,0,2607.0,2620,2620.00,2620,2
fri26_p3_f90_lL,92,1015,3,25,66,2620,2620,CTSP_2,COMPACT,1636,1457,0.17,0.59,0.00,0.02,0.00,0.00,626,4840,189,26,82,0,0,2606.5,2620,2620.00,2620,2
fri26_p3_f90_lM,138,1015,3,25,66,2620,2620,CTSP_2,COMPACT,1636,1457,0.15,0.89,0.00,0.04,0.00,0.00,604,10558,451,25,99,0,0,2607.0,2620,2620.00,2620,2
fri26_p5_f50_lH,163,900,5,25,66,3483,3441,CTSP_2,COMPACT,1064,869,0.08,6.46,0.00,0.60,0.00,0.00,462,163855,11304,36,155,0,0,3413.0,3441,3441.00,3441,2
fri26_p5_f50_lL,81,900,5,25,66,3494,3441,CTSP_2,COMPACT,1064,869,0.08,1.68,0.00,0.15,0.00,0.00,489,35777,2300,36,94,0,0,3418.0,3441,3441.00,3441,2
fri26_p5_f50_lM,122,900,5,25,66,3494,3441,CTSP_2,COMPACT,1064,869,0.08,3.75,0.00,0.34,0.00,0.00,458,84440,6164,36,181,0,0,3413.0,3441,3441.00,3441,2
fri26_p5_f70_lH,166,914,5,25,83,3808,3754,CTSP_2,COMPACT,1668,1378,0.17,10.87,0.00,1.33,0.00,0.00,602,170709,11689,35,235,0,0,3737.0,3799,3754.00,3754,2
fri26_p5_f70_lL,83,914,5,25,83,3810,3808,CTSP_2,COMPACT,1668,1378,0.16,3528.49,0.00,275.31,0.00,0.00,599,51956928,2383554,31,1288,0,0,3737.0,3808,3808.00,3808,2
fri26_p5_f70_lM,124,914,5,25,83,3808,3799,CTSP_2,COMPACT,1668,1378,0.14,1057.53,0.00,101.61,0.00,0.00,592,16931405,1020416,29,977,0,0,3737.0,3799,3799.00,3799,2
fri26_p5_f90_lH,184,1015,5,25,111,4374,4374,CTSP_2,COMPACT,2948,2472,0.51,7198.07,0.00,411.86,0.00,0.00,995,98157423,2110439,44,1118,0,0,4310.0,4374,4367.41,4374,1
fri26_p5_f90_lL,92,1015,5,25,111,4374,4374,CTSP_2,COMPACT,2948,2472,0.31,1768.37,0.00,113.44,0.00,0.00,895,22058972,674376,44,972,0,0,4309.8,4374,4374.00,4374,2
fri26_p5_f90_lM,138,1015,5,25,111,4374,4374,CTSP_2,COMPACT,2948,2472,0.48,4054.10,0.00,254.97,0.00,0.00,897,55625491,1514971,43,1142,0,0,4310.3,4374,4374.00,4374,2
bayg29_p3_f50_lH,227,1225,3,28,46,3313,3313,CTSP_2,COMPACT,798,705,0.00,0.01,0.00,0.00,0.00,0.00,0,191,0,17,17,0,0,0.0,0,3313.00,3313,2
bayg29_p3_f50_lL,113,1225,3,28,46,3327,3313,CTSP_2,COMPACT,798,705,0.00,0.01,0.00,0.00,0.00,0.00,0,194,0,17,17,0,0,0.0,0,3313.00,3313,2
bayg29_p3_f50_lM,170,1225,3,28,46,3327,3313,CTSP_2,COMPACT,798,705,0.00,0.01,0.00,0.00,0.00,0.00,0,191,0,17,17,0,0,0.0,0,3313.00,3313,2
bayg29_p3_f70_lH,273,1445,3,28,59,3753,3753,CTSP_2,COMPACT,1294,1162,0.12,0.76,0.00,0.05,0.00,0.00,410,11575,575,23,80,0,0,3726.0,3753,3753.00,3753,2
bayg29_p3_f70_lL,136,1445,3,28,59,3849,3769,CTSP_2,COMPACT,1294,1162,0.09,2.53,0.00,0.18,0.00,0.00,404,52316,2645,24,113,0,0,3726.0,3769,3769.00,3769,2
bayg29_p3_f70_lM,205,1445,3,28,59,3784,3753,CTSP_2,COMPACT,1294,1162,0.11,0.85,0.00,0.06,0.00,0.00,396,14620,711,23,79,0,0,3726.0,3753,3753.00,3753,2
bayg29_p3_f90_lH,313,1722,3,28,77,4500,4500,CTSP_2,COMPACT,2188,1980,0.17,1.1,0.00,0.04,0.00,0.00,519,8512,331,19,99,0,0,4486.0,4500,4500.00,4500,2
bayg29_p3_f90_lL,156,1722,3,28,77,4507,4500,CTSP_2,COMPACT,2188,1980,0.19,0.82,0.00,0.03,0.00,0.00,515,4312,150,19,99,0,0,4486.0,4500,4500.00,4500,2
bayg29_p3_f90_lM,234,1722,3,28,77,4500,4500,CTSP_2,COMPACT,2188,1980,0.15,1.03,0.00,0.03,0.00,0.00,513,7127,294,19,106,0,0,4486.0,4500,4500.00,4500,2
bayg29_p5_f50_lH,227,1248,5,28,77,5415,5415,CTSP_2,COMPACT,1416,1184,0.12,0.30,0.00,0.00,0.00,0.00,384,1117,23,22,37,0,0,5388.0,5415,5415.00,5415,2
bayg29_p5_f50_lL,113,1248,5,28,77,5585,5415,CTSP_2,COMPACT,1416,1184,0.12,0.27,0.00,0.01,0.00,0.00,376,2235,49,22,65,0,0,5388.0,5415,5415.00,5415,2
bayg29_p5_f50_lM,170,1248,5,28,77,5490,5415,CTSP_2,COMPACT,1416,1184,0.15,0.40,0.00,0.01,0.00,0.00,396,3300,97,21,85,0,0,5388.0,5415,5415.00,5415,2
bayg29_p5_f70_lH,273,1504,5,28,97,6352,6352,CTSP_2,COMPACT,2216,1882,0.19,10.08,0.00,0.73,0.00,0.00,720,164019,5678,43,201,0,0,6319.0,6352,6352.00,6352,2
bayg29_p5_f70_lL,136,1504,5,28,97,6552,6371,CTSP_2,COMPACT,2216,1882,0.21,26.08,0.00,2.24,0.00,0,708,459558,15880,40,253,0,0,6319.0,6371,6371.00,6371,2
bayg29_p5_f70_lM,205,1504,5,28,97,6415,6352,CTSP_2,COMPACT,2216,1882,0.16,3.52,0.00,0.30,0.00,0.00,696,50969,2191,40,128,0,0,6319.0,6352,6352.00,6352,2
bayg29_p5_f90_lH,313,1722,5,28,128,7490,7490,CTSP_2,COMPACT,3844,3283,0.57,14.31,0.00,0.87,0.00,0.00,887,168653,4592,36,230,0,0,7464.0,7490,7490.00,7490,2
bayg29_p5_f90_lL,156,1722,5,28,128,7516,7490,CTSP_2,COMPACT,3844,3283,0.59,14.16,0.00,0.75,0.00,0.00,886,154420,3651,37,223,0,0,7464.0,7490,7490.00,7490,2
bayg29_p5_f90_lM,234,1722,5,28,128,7490,7490,CTSP_2,COMPACT,3844,3283,0.80,12.66,0.00,0.74,0.00,0.00,898,160785,4583,37,218,0,0,7464.0,7490,7490.00,7490,2
bays29_p3_f50_lH,294,1606,3,28,45,4274,4274,CTSP_2,COMPACT,764,674,0.04,0.06,0.00,0.00,0.00,0.00,264,743,21,20,21,0,0,4270.0,4274,4274.00,4274,2
bays29_p3_f50_lL,147,1606,3,28,45,4301,4293,CTSP_2,COMPACT,764,674,0.05,0.12,0.00,0.01,0.00,0.00,264,2390,117,19,35,0,0,4270.0,4293,4293.00,4293,2
bays29_p3_f50_lM,220,1606,3,28,45,4293,4274,CTSP_2,COMPACT,764,674,0.04,0.06,0.00,0.00,0.00,0.00,269,1025,43,20,23,0,0,4270.0,4274,4274.00,4274,2
bays29_p3_f70_lH,361,1983,3,28,58,5075,5075,CTSP_2,COMPACT,1262,1131,0.00,0.08,0.00,0.00,0.00,0.00,0,317,0,11,11,0,0,0.0,0,5075.00,5075,2
bays29_p3_f70_lL,180,1983,3,28,58,5122,5075,CTSP_2,COMPACT,1262,1131,0.00,0.09,0.00,0.00,0.00,0.00,0,313,0,11,11,0,0,0.0,0,5075.00,5075,2
bays29_p3_f70_lM,271,1983,3,28,58,5075,5075,CTSP_2,COMPACT,1262,1131,0.00,0.09,0.00,0.00,0.00,0.00,0,310,0,11,11,0,0,0.0,0,5075.00,5075,2
bays29_p3_f90_lH,386,2110,3,28,74,5690,5673,CTSP_2,COMPACT,2024,1829,0.25,4.56,0.00,0.43,0.00,0.00,587,77455,2855,27,259,0,0,5641.0,5690,5673.00,5673,2
bays29_p3_f90_lL,193,2110,3,28,74,5690,5690,CTSP_2,COMPACT,2024,1829,0.27,9.86,0.00,0.85,0.00,0.00,649,168866,7342,41,208,0,0,5643.5,5690,5690.00,5690,2
bays29_p3_f90_lM,289,2110,3,28,74,5690,5673,CTSP_2,COMPACT,2024,1829,0.22,5.38,0.00,0.42,0.00,0.00,588,81656,3996,27,200,0,0,5639.5,5690,5673.00,5673,2
bays29_p5_f50_lH,294,1617,5,28,76,7130,7130,CTSP_2,COMPACT,1368,1153,0.06,0.12,0.00,0.00,0.00,0.00,405,989,18,29,41,0,0,7126.0,7130,7130.00,7130,2
bays29_p5_f50_lL,147,1617,5,28,76,7183,7149,CTSP_2,COMPACT,1368,1153,0.08,0.93,0.00,0.05,0.00,0.00,436,21095,835,29,60,0,0,7126.0,7149,7149.00,7149,2
bays29_p5_f50_lM,220,1617,5,28,76,7149,7130,CTSP_2,COMPACT,1368,1153,0.06,0.11,0.00,0.00,0.00,0.00,408,1247,25,29,44,0,0,7126.0,7130,7130.00,7130,2
bays29_p5_f70_lH,361,1987,5,28,98,8542,8527,CTSP_2,COMPACT,2284,1937,0.00,0.18,0.00,0.00,0.00,0.00,0,604,0,27,27,0,0,0.0,0,8527.00,8527,2
bays29_p5_f70_lL,180,1987,5,28,98,8596,8542,CTSP_2,COMPACT,2284,1937,0.20,1.13,0.00,0.02,0.00,0.00,617,8525,206,27,93,0,0,8527.0,8542,8542.00,8542,2
bays29_p5_f70_lM,271,1987,5,28,98,8542,8542,CTSP_2,COMPACT,2284,1937,0.28,0.73,0.00,0.03,0.00,0.00,670,6249,255,27,56,0,0,8521.5,8542,8542.00,8542,2
bays29_p5_f90_lH,386,2124,5,28,124,9534,9512,CTSP_2,COMPACT,3616,3085,0.47,40.75,0.00,3.76,0.00,0.00,1122,509793,17918,61,393,0,0,9471.3,9534,9512.00,9512,2
bays29_p5_f90_lL,193,2124,5,28,124,9534,9534,CTSP_2,COMPACT,3616,3085,0.84,179.61,0.00,15.18,0.00,0.00,1006,2572469,79057,48,452,0,0,9472.5,9534,9534.00,9534,2
bays29_p5_f90_lM,289,2124,5,28,124,9534,9512,CTSP_2,COMPACT,3616,3085,0.49,54.59,0.00,4.20,0.00,0,873,739527,21309,41,395,0,0,9465.3,9534,9512.00,9512,2
ftv33_p3_f50_lH,215,1112,3,33,55,3037,3037,CTSP_2,COMPACT,1122,1008,0.07,0.98,0.00,0.07,0.00,0.00,382,13172,890,16,120,0,0,2952.2,3037,3037.00,3037,2
ftv33_p3_f50_lL,107,1112,3,33,55,3037,3037,CTSP_2,COMPACT,1122,1008,0.08,1.17,0.00,0.08,0.00,0.00,439,15841,820,18,121,0,0,2954.3,3037,3037.00,3037,2
ftv33_p3_f50_lM,161,1112,3,33,55,3037,3037,CTSP_2,COMPACT,1122,1008,0.09,1.09,0.00,0.10,0.00,0.00,412,13391,1073,15,119,0,0,2958.0,3037,3037.00,3037,2
ftv33_p3_f70_lH,235,1296,3,33,72,3405,3335,CTSP_2,COMPACT,1900,1733,0.24,7197.55,0.00,234.80,0.00,0.00,543,41863448,1518427,28,3363,0,0,3152.0,3373,3329.06,3335,1
ftv33_p3_f70_lL,117,1296,3,33,72,3412,3335,CTSP_2,COMPACT,1900,1733,0.20,1090.45,0.00,58.71,0.00,0,510,15000022,307230,29,1954,0,0,3148.4,3412,3335.00,3335,2
ftv33_p3_f70_lM,176,1296,3,33,72,3412,3335,CTSP_2,COMPACT,1900,1733,0.19,1193.21,0.00,74.29,0.00,0.00,475,17359644,486042,26,1471,0,0,3151.0,3373,3335.00,3335,2
ftv33_p3_f90_lH,257,1394,3,33,89,3813,3813,CTSP_2,COMPACT,2884,2644,0.47,59.63,0.01,6.73,0.00,0.00,940,758834,33583,44,526,0,0,3742.4,3813,3813.00,3813,2
ftv33_p3_f90_lL,128,1394,3,33,89,3813,3813,CTSP_2,COMPACT,2884,2644,0.34,12.15,0.00,1.21,0.00,0.00,960,144844,4799,51,283,0,0,3746.0,3813,3813.00,3813,2
ftv33_p3_f90_lM,192,1394,3,33,89,3813,3813,CTSP_2,COMPACT,2884,2644,0.40,15.64,0.01,1.65,0.00,0.00,946,190032,7299,48,304,0,0,3738.3,3813,3813.00,3813,2
ftv33_p5_f50_lH,215,1185,5,33,92,5174,5174,CTSP_2,COMPACT,1978,1691,0.24,7.66,0.00,0.59,0.00,0.00,1013,104525,4124,40,197,0,0,5083.4,5174,5174.00,5174,2
ftv33_p5_f50_lL,107,1185,5,33,92,5299,5174,CTSP_2,COMPACT,1978,1691,0.32,4.23,0.00,0.22,0.00,0.00,1046,48055,1372,43,188,0,0,5086.1,5174,5174.00,5174,2
ftv33_p5_f50_lM,161,1185,5,33,92,5192,5174,CTSP_2,COMPACT,1978,1691,0.24,5.99,0.00,0.50,0.00,0.00,990,77238,2765,37,194,0,0,5080.2,5174,5174.00,5174,2
ftv33_p5_f70_lH,235,1296,5,33,124,5717,5687,CTSP_2,COMPACT,3550,3083,1.32,7195.25,0.00,242.37,0.00,0.00,1329,36985917,539000,62,2207,0,0,5427.6,5717,5612.26,5709,1
ftv33_p5_f70_lL,117,1296,5,33,124,5728,5687,CTSP_2,COMPACT,3550,3083,1.31,7195.91,0.00,271.88,0.00,0.00,1370,40427010,538309,62,1663,0,0,5427.8,5728,5662.28,5728,1
ftv33_p5_f70_lM,176,1296,5,33,124,5728,5687,CTSP_2,COMPACT,3550,3083,1.82,7195.68,0.00,264.68,0.00,0.00,1314,38866984,523233,64,1790,0,0,5427.7,5728,5624.19,5709,1
ftv33_p5_f90_lH,257,1414,5,33,155,6378,6378,CTSP_2,COMPACT,5522,4820,1.47,107.19,0.01,11.77,0.00,0.00,1711,955827,26690,64,537,0,0,6292.1,6378,6378.00,6378,2
ftv33_p5_f90_lL,128,1414,5,33,155,6378,6378,CTSP_2,COMPACT,5522,4820,0.88,13.79,0.00,1.35,0.00,0.00,1573,73742,2578,51,324,0,0,6286.5,6378,6378.00,6378,2
ftv33_p5_f90_lM,192,1414,5,33,155,6378,6378,CTSP_2,COMPACT,5522,4820,0.94,37.97,0.00,3.41,0.00,0,1789,285363,7515,70,363,0,0,6301.1,6378,6378.00,6378,2
ftv35_p3_f50_lH,221,1217,3,35,55,3295,3275,CTSP_2,COMPACT,1124,1016,0.09,39.45,0.00,4.18,0.00,0.00,434,802584,46372,25,626,0,0,3161.5,3348,3275.00,3275,2
ftv35_p3_f50_lL,110,1217,3,35,55,3349,3316,CTSP_2,COMPACT,1124,1016,0.12,148.28,0.00,13.38,0.00,0.00,443,3154019,140217,21,862,0,0,3163.2,3335,3316.00,3316,2
ftv35_p3_f50_lM,166,1217,3,35,55,3318,3298,CTSP_2,COMPACT,1124,1016,0.09,371.39,0.00,26.02,0.00,0.00,468,6401754,298546,26,1218,0,0,3167.1,3357,3298.00,3298,2
ftv35_p3_f70_lH,273,1448,3,35,76,3822,3814,CTSP_2,COMPACT,2108,1925,0.25,51.82,0.00,4.12,0.00,0.00,644,806367,33885,33,495,0,0,3737.0,3880,3814.00,3814,2
ftv35_p3_f70_lL,136,1448,3,35,76,3897,3822,CTSP_2,COMPACT,2108,1925,0.20,15.68,0.00,1.09,0.00,0.00,684,215423,7023,36,304,0,0,3732.0,3880,3822.00,3822,2
ftv35_p3_f70_lM,205,1448,3,35,76,3836,3814,CTSP_2,COMPACT,2108,1925,0.21,25.17,0.00,1.91,0.00,0,689,372114,12203,33,631,0,0,3737.1,3880,3814.00,3814,2
ftv35_p3_f90_lH,289,1593,3,35,93,4251,4233,CTSP_2,COMPACT,3138,2888,0.47,2316.38,0.00,141.21,0.00,0.00,793,27405807,393750,49,1675,0,0,4160.0,4270,4233.00,4233,2
ftv35_p3_f90_lL,144,1593,3,35,93,4254,4251,CTSP_2,COMPACT,3138,2888,0.37,183.45,0.00,19.68,0.00,0.00,829,2531900,59856,50,685,0,0,4160.0,4270,4251.00,4251,2
ftv35_p3_f90_lM,217,1593,3,35,93,4254,4251,CTSP_2,COMPACT,3138,2888,0.40,886.00,0.00,78.00,0.00,0.00,834,10728659,298026,40,985,0,0,4155.3,4270,4251.00,4251,2
ftv35_p5_f50_lH,221,1217,5,35,91,5447,5433,CTSP_2,COMPACT,1930,1664,0.20,2554.74,0.00,149.05,0.00,0.00,880,34547216,957538,43,1048,0,0,5258.8,5465,5433.00,5433,2
ftv35_p5_f50_lL,110,1217,5,35,91,5544,5482,CTSP_2,COMPACT,1930,1664,0.33,3251.17,0.00,166.43,0.00,0.00,931,50593178,1061460,54,1572,0,0,5262.8,5490,5487.00,5487,2
ftv35_p5_f50_lM,166,1217,5,35,91,5496,5462,CTSP_2,COMPACT,1930,1664,0.27,7198.23,0.00,287.20,0.00,0.00,860,105837489,1204750,42,1717,0,0,5253.8,5490,5445.17,5488,1
ftv35_p5_f70_lH,273,1503,5,35,126,6492,6473,CTSP_2,COMPACT,3652,3175,0.49,1424.92,0.01,73.87,0.00,0.00,1114,18690069,346893,54,840,0,0,6371.8,6473,6473.00,6473,2
ftv35_p5_f70_lL,136,1503,5,35,126,6600,6503,CTSP_2,COMPACT,3652,3175,1.71,504.99,0.00,25.59,0.00,0.00,1199,6792857,93915,57,750,0,0,6370.7,6541,6503.00,6503,2
ftv35_p5_f70_lM,205,1503,5,35,126,6547,6473,CTSP_2,COMPACT,3652,3175,0.65,2024.20,0.00,95.99,0.00,0.00,1179,26849175,411697,56,730,0,0,6363.6,6473,6473.00,6473,2
ftv35_p5_f90_lH,289,1593,5,35,152,7090,7062,CTSP_2,COMPACT,5282,4627,2.13,7193.69,0.00,315.30,0.00,0.00,1425,32298351,428193,82,2980,0,0,6896.9,7173,7024.18,7173,1
ftv35_p5_f90_lL,144,1593,5,35,152,7137,7090,CTSP_2,COMPACT,5282,4627,2.37,7197.95,0.00,351.28,0.00,0.00,1419,55808940,444909,80,2438,0,0,6897.3,7186,7059.71,7186,1
ftv35_p5_f90_lM,217,1593,5,35,152,7090,7090,CTSP_2,COMPACT,5282,4627,2.17,7198.10,0.00,367.37,0.00,0.00,1368,58912666,474953,80,2391,0,0,6895.2,7173,7046.72,7173,1
ftv38_p3_f50_lH,235,1292,3,38,56,3362,3284,CTSP_2,COMPACT,1152,1045,0.11,5.97,0.00,0.59,0.00,0.00,376,126760,7034,21,258,0,0,3222.7,3296,3284.00,3284,2
ftv38_p3_f50_lL,117,1292,3,38,56,3471,3288,CTSP_2,COMPACT,1152,1045,0.12,1.58,0.00,0.13,0.00,0.00,369,28098,1439,22,148,0,0,3220.5,3296,3288.00,3288,2
ftv38_p3_f50_lM,176,1292,3,38,56,3415,3284,CTSP_2,COMPACT,1152,1045,0.12,2.17,0.00,0.17,0.00,0.00,377,36957,2138,21,163,0,0,3222.7,3296,3284.00,3284,2
ftv38_p3_f70_lH,267,1468,3,38,85,3963,3963,CTSP_2,COMPACT,2630,2416,0.32,8.47,0.00,0.66,0.00,0.00,817,101688,4151,44,235,0,0,3894.1,3963,3963.00,3963,2
ftv38_p3_f70_lL,133,1468,3,38,85,3970,3963,CTSP_2,COMPACT,2630,2416,0.28,10.34,0.00,0.91,0.00,0.00,747,127480,4815,39,279,0,0,3889.6,3963,3963.00,3963,2
ftv38_p3_f70_lM,200,1468,3,38,85,3963,3963,CTSP_2,COMPACT,2630,2416,0.27,11.39,0.00,1.00,0.00,0.00,734,148240,5979,38,295,0,0,3887.6,3963,3963.00,3963,2
ftv38_p3_f90_lH,303,1668,3,38,109,4461,4461,CTSP_2,COMPACT,4276,3968,1.04,5.47,0.01,0.45,0.00,0,1351,36210,1307,64,202,0,0,4428.2,4461,4461.00,4461,2
ftv38_p3_f90_lL,151,1668,3,38,109,4461,4461,CTSP_2,COMPACT,4276,3968,1.91,4.46,0.01,0.24,0.00,0.00,1241,19025,583,62,179,0,0,4422.6,4461,4461.00,4461,2
ftv38_p3_f90_lM,227,1668,3,38,109,4461,4461,CTSP_2,COMPACT,4276,3968,1.00,4.42,0.00,0.26,0.00,0.00,1568,22452,820,66,196,0,0,4432.3,4461,4461.00,4461,2
ftv38_p5_f50_lH,235,1292,5,38,98,5774,5732,CTSP_2,COMPACT,2202,1925,0.38,7198.01,0.00,276.9,0.00,0.00,866,83528256,860237,55,2741,0,0,5509.0,5858,5678.36,5799,1
ftv38_p5_f50_lL,117,1292,5,38,98,5848,5759,CTSP_2,COMPACT,2202,1925,0.33,7198.31,0.00,292.74,0.00,0.00,889,91481345,828593,55,2678,0,0,5494.7,5894,5720.72,5860,1
ftv38_p5_f50_lM,176,1292,5,38,98,5804,5732,CTSP_2,COMPACT,2202,1925,0.32,7198.25,0.00,299.71,0.00,0.00,805,91800280,868543,57,2243,0,0,5504.8,5858,5683.44,5804,1
ftv38_p5_f70_lH,267,1468,5,38,142,6639,6612,CTSP_2,COMPACT,4592,4043,0.70,7195.06,0.00,222.32,0.00,0.00,1267,33525382,458345,51,1996,0,0,6425.4,6661,6549.18,6619,1
ftv38_p5_f70_lL,133,1468,5,38,142,6671,6653,CTSP_2,COMPACT,4592,4043,2.07,7195.83,0.00,236.05,0.00,0.00,1411,34774181,381985,55,1996,0,0,6429.2,6661,6585.58,6653,1
ftv38_p5_f70_lM,200,1468,5,38,142,6652,6621,CTSP_2,COMPACT,4592,4043,1.94,7195.49,0.00,222.93,0.00,0.00,1245,35901316,365866,61,1858,0,0,6426.3,6661,6565.20,6653,1
ftv38_p5_f90_lH,303,1668,5,38,180,7392,7392,CTSP_2,COMPACT,7318,6491,2.38,7198.32,0.01,319.92,0.00,0.00,1784,54107044,364688,79,1803,0,0,7251.6,7392,7356.02,7392,1
ftv38_p5_f90_lL,151,1668,5,38,180,7392,7392,CTSP_2,COMPACT,7318,6491,2.61,2549.68,0.00,262.38,0.00,0.00,1706,20817411,441148,76,1308,0,0,7248.1,7392,7392.00,7392,2
ftv38_p5_f90_lM,227,1668,5,38,180,7392,7392,CTSP_2,COMPACT,7318,6491,2.54,4688.86,0.01,449.26,0.00,0.00,1870,35648619,783795,81,1567,0,0,7249.8,7392,7392.00,7392,2
dantzig42_p3_f50_lH,111,605,3,41,65,1619,1619,CTSP_2,COMPACT,1532,1410,0.14,14.73,0.00,1.46,0.00,0.00,562,239641,19609,22,191,0,0,1599.0,1619,1619.00,1619,2
dantzig42_p3_f50_lL,55,605,3,41,65,1622,1619,CTSP_2,COMPACT,1532,1410,0.16,23.15,0.00,2.01,0.00,0.00,558,398667,24924,23,248,0,0,1599.0,1624,1619.00,1619,2
dantzig42_p3_f50_lM,83,605,3,41,65,1619,1619,CTSP_2,COMPACT,1532,1410,0.11,32.26,0.00,2.86,0.00,0.00,589,581051,35446,23,245,0,0,1599.0,1619,1619.00,1619,2
dantzig42_p3_f70_lH,123,676,3,41,81,1785,1781,CTSP_2,COMPACT,2382,2192,0.35,136.77,0.00,14.73,0.00,0.00,782,2108160,92160,41,471,0,0,1758.0,1785,1781.00,1781,2
dantzig42_p3_f70_lL,61,676,3,41,81,1786,1785,CTSP_2,COMPACT,2382,2192,0.23,41.81,0.00,4.49,0.00,0.00,652,609705,33515,48,309,0,0,1758.0,1785,1785.00,1785,2
dantzig42_p3_f70_lM,92,676,3,41,81,1785,1785,CTSP_2,COMPACT,2382,2192,0.33,139.44,0.00,15.37,0.00,0.00,786,2042741,103636,41,467,0,0,1758.0,1785,1785.00,1785,2
dantzig42_p3_f90_lH,139,766,3,41,115,2046,2046,CTSP_2,COMPACT,4740,4420,0.58,3.81,0.00,0.19,0.00,0.00,994,23906,790,61,220,0,0,2032.5,2046,2046.00,2046,2
dantzig42_p3_f90_lL,69,766,3,41,115,2046,2046,CTSP_2,COMPACT,4740,4420,0.56,4,0.00,0.22,0.00,0.00,1108,23812,818,68,192,0,0,2033.5,2046,2046.00,2046,2
dantzig42_p3_f90_lM,104,766,3,41,115,2046,2046,CTSP_2,COMPACT,4740,4420,0.50,4.18,0.00,0.24,0.00,0.00,967,28234,901,61,216,0,0,2034.5,2046,2046.00,2046,2
dantzig42_p5_f50_lH,111,611,5,41,110,2716,2711,CTSP_2,COMPACT,2730,2421,0.57,1747.18,0.00,98.56,0.00,0,840,24081454,603781,38,737,0,0,2678.0,2722,2711.00,2711,2
dantzig42_p5_f50_lL,55,611,5,41,110,2729,2716,CTSP_2,COMPACT,2730,2421,0.53,2592.87,0.00,162.01,0.00,0.00,861,35282194,986537,38,747,0,0,2678.0,2727,2716.00,2716,2
dantzig42_p5_f50_lM,83,611,5,41,110,2716,2711,CTSP_2,COMPACT,2730,2421,0.56,2958.13,0.00,156.17,0.00,0.00,847,40646875,787043,38,926,0,0,2678.0,2727,2711.00,2711,2
dantzig42_p5_f70_lH,123,676,5,41,140,2968,2968,CTSP_2,COMPACT,4442,3931,0.70,355.52,0.00,38.15,0.00,0.00,1215,3854231,147880,100,630,0,0,2936.0,2968,2968.00,2968,2
dantzig42_p5_f70_lL,61,676,5,41,140,2998,2968,CTSP_2,COMPACT,4442,3931,0.52,168.92,0.00,15.03,0.00,0.00,1291,1891383,50801,85,500,0,0,2936.0,2968,2968.00,2968,2
dantzig42_p5_f70_lM,92,676,5,41,140,2968,2968,CTSP_2,COMPACT,4442,3931,1.07,854.78,0.00,71.84,0.00,0.00,1263,9089630,273680,103,785,0,0,2935.5,2968,2968.00,2968,2
dantzig42_p5_f90_lH,139,766,5,41,186,3362,3344,CTSP_2,COMPACT,7762,6939,2.89,46.04,0.01,2.68,0.00,0.00,1741,337684,7278,99,417,0,0,3331.5,3344,3344.00,3344,2
dantzig42_p5_f90_lL,69,766,5,41,186,3362,3362,CTSP_2,COMPACT,7762,6939,2.77,7198.12,0.00,324.07,0.00,0.00,1632,57498600,540957,92,1313,0,0,3329.5,3362,3354.52,3362,1
dantzig42_p5_f90_lM,104,766,5,41,186,3362,3362,CTSP_2,COMPACT,7762,6939,1.68,7197.96,0.00,310.93,0.00,0.00,1575,54810124,551264,90,1357,0,0,3331.5,3362,3352.97,3362,1
swiss42_p3_f50_lH,205,1107,3,41,69,3053,3042,CTSP_2,COMPACT,1722,1586,0.14,1302.30,0.00,114.91,0.00,0.00,583,16219723,983107,38,1241,0,0,2959.5,3050,3042.00,3042,2
swiss42_p3_f50_lL,102,1107,3,41,69,3063,3055,CTSP_2,COMPACT,1722,1586,0.10,2812.90,0.00,169.11,0.00,0.00,563,35543347,1319624,38,1164,0,0,2961.0,3063,3055.00,3055,2
swiss42_p3_f50_lM,154,1107,3,41,69,3055,3055,CTSP_2,COMPACT,1722,1586,0.17,5801.48,0.00,322.80,0.00,0.00,580,58840540,2504081,38,1735,0,0,2961.0,3063,3055.00,3055,2
swiss42_p3_f70_lH,228,1236,3,41,86,3274,3274,CTSP_2,COMPACT,2682,2477,0.22,116.09,0.00,10.66,0.00,0.00,520,1319256,73754,13,483,0,0,3220.0,3274,3274.00,3274,2
swiss42_p3_f70_lL,114,1236,3,41,86,3274,3274,CTSP_2,COMPACT,2682,2477,0.23,65.85,0.00,7.97,0.00,0.00,575,860390,39046,13,477,0,0,3220.0,3274,3274.00,3274,2
swiss42_p3_f70_lM,171,1236,3,41,86,3274,3274,CTSP_2,COMPACT,2682,2477,0.19,83.25,0.00,8.11,0.00,0.00,544,1105550,53709,13,632,0,0,3220.0,3274,3274.00,3274,2
swiss42_p3_f90_lH,249,1369,3,41,112,3533,3533,CTSP_2,COMPACT,4508,4201,0.49,2.66,0.00,0.04,0.00,0.00,744,6158,152,36,102,0,0,3521.0,3533,3533.00,3533,2
swiss42_p3_f90_lL,124,1369,3,41,112,3543,3533,CTSP_2,COMPACT,4508,4201,0.46,2.26,0.00,0.04,0.00,0.00,736,6269,85,36,90,0,0,3521.0,3533,3533.00,3533,2
swiss42_p3_f90_lM,186,1369,3,41,112,3533,3533,CTSP_2,COMPACT,4508,4201,0.45,2.27,0.00,0.04,0.00,0.00,719,4302,94,36,85,0,0,3521.0,3533,3533.00,3533,2
swiss42_p5_f50_lH,205,1129,5,41,113,5115,5115,CTSP_2,COMPACT,2902,2552,0.32,7197.58,0.00,506.70,0.00,0.00,851,82699137,1636590,48,2733,0,0,5011.0,5115,5065.62,5115,1
swiss42_p5_f50_lL,102,1129,5,41,113,5116,5115,CTSP_2,COMPACT,2902,2552,0.39,7198.06,0.00,473.30,0.00,0.00,839,96513170,1592013,54,1613,0,0,5009.5,5115,5095.58,5115,1
swiss42_p5_f50_lM,154,1129,5,41,113,5116,5115,CTSP_2,COMPACT,2902,2552,0.36,7197.89,0.00,527.12,0.00,0.00,830,91358812,1734641,49,1972,0,0,5011.0,5115,5083.09,5115,1
swiss42_p5_f70_lH,228,1258,5,41,145,5440,5440,CTSP_2,COMPACT,4742,4216,0.80,311.23,0.00,29.14,0.00,0.00,1153,2988641,118929,38,845,0,0,5379.0,5440,5440.00,5440,2
swiss42_p5_f70_lL,114,1258,5,41,145,5462,5440,CTSP_2,COMPACT,4742,4216,0.68,1473.15,0.00,109.46,0.00,0.00,1074,15760883,357063,39,995,0,0,5379.0,5440,5440.00,5440,2
swiss42_p5_f70_lM,171,1258,5,41,145,5440,5440,CTSP_2,COMPACT,4742,4216,0.65,679.49,0.00,61.18,0.00,0.00,1063,7185493,188726,38,680,0,0,5379.0,5440,5440.00,5440,2
swiss42_p5_f90_lH,249,1369,5,41,190,6007,6007,CTSP_2,COMPACT,8100,7241,0.86,16.32,0.00,0.84,0.00,0,1269,63050,2120,64,260,0,0,5973.0,6007,6007.00,6007,2
swiss42_p5_f90_lL,124,1369,5,41,190,6019,6007,CTSP_2,COMPACT,8100,7241,3.15,13.49,0.00,0.38,0.00,0.00,1446,35263,909,66,190,0,0,5978.0,6007,6007.00,6007,2
swiss42_p5_f90_lM,186,1369,5,41,190,6007,6007,CTSP_2,COMPACT,8100,7241,3.25,22.62,0.00,0.86,0.00,0.00,1410,94439,2139,64,307,0,0,5975.5,6007,6007.00,6007,2
p43_p3_f50_lH,1119,6156,3,42,67,16733,16733,CTSP_2,COMPACT,1626,1496,0.45,7196.56,0.00,508.23,0.00,0.00,733,65941399,2667669,71,3946,0,0,16707.0,16735,16710.31,16735,1
p43_p3_f50_lL,559,6156,3,42,67,16733,16733,CTSP_2,COMPACT,1626,1496,0.20,7196.94,0.00,432.53,0.00,0.00,557,55929132,2370319,61,4351,0,0,16707.0,16735,16709.00,16735,1
p43_p3_f50_lM,839,6156,3,42,67,16733,16733,CTSP_2,COMPACT,1626,1496,0.32,7195.91,0.00,664.47,0.00,0.00,627,44981473,3408383,68,4218,0,0,16707.0,16735,16708.00,16735,1
p43_p3_f70_lH,1122,6175,3,42,91,16830,16830,CTSP_2,COMPACT,2988,2778,0.35,7195.62,0.00,945.53,0.00,0.00,997,59637069,3374500,99,1697,0,0,16814.0,16830,16823.00,16830,1
p43_p3_f70_lL,561,6175,3,42,91,16830,16830,CTSP_2,COMPACT,2988,2778,0.29,7196.11,0.00,872.35,0.00,0.00,995,54987407,3165000,100,1175,0,0,16813.8,16830,16823.00,16830,1
p43_p3_f70_lM,842,6175,3,42,91,16830,16830,CTSP_2,COMPACT,2988,2778,0.33,7195.27,0.00,1161.88,0.00,0.00,1037,50795902,4232734,98,1396,0,0,16815.3,16830,16823.00,16830,1
p43_p3_f90_lH,1124,6182,3,42,113,16848,16848,CTSP_2,COMPACT,4572,4268,1.07,10.66,0.00,2.08,0.00,0.00,1360,71827,5694,146,240,0,0,16832.8,16848,16846.32,16848,2
p43_p3_f90_lL,562,6182,3,42,113,16848,16848,CTSP_2,COMPACT,4572,4268,0.66,19.22,0.00,4.45,0.00,0.00,1245,159505,12459,152,280,0,0,16832.5,16848,16846.33,16848,2
p43_p3_f90_lM,843,6182,3,42,113,16848,16848,CTSP_2,COMPACT,4572,4268,0.75,23.96,0.00,5.51,0.00,0.00,1503,191470,17113,151,253,0,0,16833.0,16848,16846.33,16848,2
p43_p5_f50_lH,1119,6156,5,42,111,27800,27800,CTSP_2,COMPACT,2792,2462,0.41,7197.39,0.00,426.41,0.00,0.00,1011,60433864,1409431,112,5573,0,0,27772.0,27810,27775.78,27810,1
p43_p5_f50_lL,559,6156,5,42,111,27800,27800,CTSP_2,COMPACT,2792,2462,0.59,7197.23,0.00,419.80,0.00,0.00,1036,59588520,1362869,112,5051,0,0,27772.0,27810,27775.00,27810,1
p43_p5_f50_lM,839,6156,5,42,111,27800,27800,CTSP_2,COMPACT,2792,2462,0.48,7197.46,0.00,422.62,0.00,0.00,1065,72294143,1328681,111,4893,0,0,27772.0,27810,27778.08,27810,1
p43_p5_f70_lH,1122,6175,5,42,151,27959,27959,CTSP_2,COMPACT,5136,4576,1.43,7196.46,0.00,1081.16,0.00,0.00,1758,47076770,2101358,184,3449,0,0,27932.8,27959,27944.67,27959,1
p43_p5_f70_lL,561,6175,5,42,151,27959,27959,CTSP_2,COMPACT,5136,4576,2.08,7196.90,0.00,859.86,0.00,0.00,1657,46444515,1669241,180,3193,0,0,27933.0,27959,27945.03,27959,1
p43_p5_f70_lM,842,6175,5,42,151,27959,27959,CTSP_2,COMPACT,5136,4576,1.26,7196.08,0.00,1187.1,0.00,0.00,1739,38405215,2210106,187,3481,0,0,27932.3,27959,27945.00,27959,1
p43_p5_f90_lH,1124,6182,5,42,188,28082,28082,CTSP_2,COMPACT,7910,7083,1.87,102.53,0.00,28.42,0.00,0.00,2463,694054,41726,248,528,0,0,28053.5,28082,28079.19,28082,2
p43_p5_f90_lL,562,6182,5,42,188,28082,28082,CTSP_2,COMPACT,7910,7083,2.37,92.36,0.00,28.66,0.00,0.00,2530,520140,40684,250,516,0,0,28053.3,28082,28079.20,28082,2
p43_p5_f90_lM,843,6182,5,42,188,28082,28082,CTSP_2,COMPACT,7910,7083,2.09,111.59,0.00,36.22,0.00,0.00,2230,694237,51798,251,501,0,0,28053.2,28082,28079.20,28082,2
ftv44_p3_f50_lH,255,1353,3,44,68,3653,3649,CTSP_2,COMPACT,1688,1553,0.17,1728.92,0.00,116.55,0.00,0.00,626,19607412,974243,37,1481,0,0,3522.6,3694,3649.00,3649,2
ftv44_p3_f50_lL,127,1353,3,44,68,3668,3656,CTSP_2,COMPACT,1688,1553,0.18,1163.33,0.00,71.40,0.00,0.00,669,15447877,476302,42,1603,0,0,3521.0,3759,3656.00,3656,2
ftv44_p3_f50_lM,191,1353,3,44,68,3656,3651,CTSP_2,COMPACT,1688,1553,0.16,2628.04,0.00,129.14,0.00,0.00,642,29705918,858115,42,1856,0,0,3520.3,3759,3651.00,3651,2
ftv44_p3_f70_lH,297,1633,3,44,100,4446,4440,CTSP_2,COMPACT,3580,3333,0.53,3791.11,0.00,323.20,0.00,0,1108,31835177,1220608,74,2674,0,0,4366.3,4451,4440.00,4440,2
ftv44_p3_f70_lL,148,1633,3,44,100,4451,4448,CTSP_2,COMPACT,3580,3333,1.66,1598.68,0.01,159.80,0.00,0.00,1230,15427427,588798,66,2105,0,0,4370.8,4451,4448.00,4448,2
ftv44_p3_f70_lM,222,1633,3,44,100,4448,4444,CTSP_2,COMPACT,3580,3333,1.97,3267.13,0.01,307.83,0.00,0.00,1377,29176184,1151493,91,2613,0,0,4372.6,4451,4444.00,4444,2
ftv44_p3_f90_lH,295,1624,3,44,118,4468,4431,CTSP_2,COMPACT,4974,4649,0.75,4316.42,0.00,228.13,0.00,0.00,946,37586524,517559,36,2932,0,0,4345.7,4471,4431.00,4431,2
ftv44_p3_f90_lL,147,1624,3,44,118,4484,4469,CTSP_2,COMPACT,4974,4649,0.60,7197.64,0.00,452.52,0.00,0.00,903,64269484,903704,33,2900,0,0,4333.7,4471,4454.00,4469,1
ftv44_p3_f90_lM,221,1624,3,44,118,4469,4468,CTSP_2,COMPACT,4974,4649,0.54,7196.72,0.00,490.29,0.00,0.00,924,56251592,988452,37,3358,0,0,4344.0,4471,4443.83,4468,1
ftv44_p5_f50_lH,255,1403,5,44,116,6229,6229,CTSP_2,COMPACT,3058,2705,0.43,7198.13,0.00,277.38,0.00,0.00,1145,79535900,675000,68,1764,0,0,6029.6,6266,6154.00,6245,1
ftv44_p5_f50_lL,127,1403,5,44,116,6266,6229,CTSP_2,COMPACT,3058,2705,0.69,7198.31,0.01,362.92,0.00,0.00,1335,85021991,753603,72,1789,0,0,6025.9,6266,6171.33,6258,1
ftv44_p5_f50_lM,191,1403,5,44,116,6229,6229,CTSP_2,COMPACT,3058,2705,0.49,7197.52,0.01,235.37,0.00,0.00,1174,62564160,571809,78,1668,0,0,6028.0,6266,6157.47,6258,1
ftv44_p5_f70_lH,297,1633,5,44,167,7404,7391,CTSP_2,COMPACT,6234,5576,2.38,7194.36,0.00,183.32,0.00,0.00,1479,28872785,240515,73,4078,0,0,7189.9,7499,7278.42,7467,1
ftv44_p5_f70_lL,148,1633,5,44,167,7456,7456,CTSP_2,COMPACT,6234,5576,2.45,7192.72,0.01,268.88,0.00,0.00,1630,23933501,299176,65,4273,0,0,7191.6,7502,7300.57,7470,1
ftv44_p5_f70_lM,222,1633,5,44,167,7426,7409,CTSP_2,COMPACT,6234,5576,2.38,7191.04,0.00,259.02,0.00,0.00,1576,23024207,313579,69,5138,0,0,7190.3,7499,7291.40,7496,1
ftv44_p5_f90_lH,295,1624,5,44,195,7403,7361,CTSP_2,COMPACT,8472,7612,2.89,7193.21,0.01,228.00,0.00,0.00,1727,21412166,215366,80,2923,0,0,7161.7,7412,7270.35,7411,1
ftv44_p5_f90_lL,147,1624,5,44,195,7669,7559,CTSP_2,COMPACT,8472,7612,2.94,7197.48,0.00,289.49,0.00,0.00,1720,39078087,222465,72,2395,0,0,7157.4,7414,7295.64,7414,1
ftv44_p5_f90_lM,221,1624,5,44,195,7403,7403,CTSP_2,COMPACT,8472,7612,3.00,7197.38,0.01,315.66,0.00,0.00,1937,39603950,267501,77,2744,0,0,7162.3,7431,7290.96,7422,1
ftv47_p3_f50_lH,286,1577,3,47,77,4090,4082,CTSP_2,COMPACT,2132,1976,0.26,3.52,0.00,0.27,0.00,0.00,887,38592,1696,44,173,0,0,4046.3,4090,4082.00,4082,2
ftv47_p3_f50_lL,143,1577,3,47,77,4127,4090,CTSP_2,COMPACT,2132,1976,0.43,2.39,0.01,0.17,0.00,0.00,938,20557,1092,47,167,0,0,4046.5,4090,4090.00,4090,2
ftv47_p3_f50_lM,215,1577,3,47,77,4090,4090,CTSP_2,COMPACT,2132,1976,0.23,2.03,0.00,0.12,0.00,0.00,788,20663,967,46,159,0,0,4040.3,4090,4090.00,4090,2
ftv47_p3_f70_lH,311,1698,3,47,101,4648,4648,CTSP_2,COMPACT,3656,3418,0.35,7194.91,0.00,174.26,0.00,0.00,719,37127854,410576,37,6589,0,0,4481.9,4768,4569.07,4768,1
ftv47_p3_f70_lL,155,1698,3,47,101,4663,4663,CTSP_2,COMPACT,3656,3418,0.41,7191.42,0.00,223.23,0.00,0.00,743,26055629,449095,35,5200,0,0,4481.9,4768,4615.60,4768,1
ftv47_p3_f70_lM,233,1698,3,47,101,4663,4648,CTSP_2,COMPACT,3656,3418,0.44,7192.14,0.00,193.42,0.00,0.00,743,23830152,413126,37,5705,0,0,4481.9,4768,4600.66,4768,1
ftv47_p3_f90_lH,342,1885,3,47,130,4906,4906,CTSP_2,COMPACT,6012,5651,0.60,508.87,0.01,68.66,0.00,0.00,992,3813181,185741,39,502,0,0,4845.1,4918,4906.00,4906,2
ftv47_p3_f90_lL,171,1885,3,47,130,4940,4906,CTSP_2,COMPACT,6012,5651,1.44,131.26,0.01,17.23,0.00,0.00,1029,1063563,48104,38,382,0,0,4847.1,4918,4906.00,4906,2
ftv47_p3_f90_lM,257,1885,3,47,130,4906,4906,CTSP_2,COMPACT,6012,5651,0.65,256.33,0.00,31.96,0.00,0.00,953,2125605,78518,36,530,0,0,4842.8,4918,4906.00,4906,2
ftv47_p5_f50_lH,286,1577,5,47,127,6901,6854,CTSP_2,COMPACT,3624,3224,0.49,2299.50,0.00,163.76,0.00,0.00,1156,26534133,741435,63,997,0,0,6737.9,6876,6854.00,6854,2
ftv47_p5_f50_lL,143,1577,5,47,127,6951,6876,CTSP_2,COMPACT,3624,3224,0.93,461.13,0.00,34.94,0.00,0.00,1227,5955057,138697,62,655,0,0,6743.5,6876,6876.00,6876,2
ftv47_p5_f50_lM,215,1577,5,47,127,6925,6865,CTSP_2,COMPACT,3624,3224,0.47,952.23,0.00,57.33,0.00,0.00,1092,11620348,219918,60,935,0,0,6736.0,6876,6865.00,6865,2
ftv47_p5_f70_lH,311,1712,5,47,169,7827,7812,CTSP_2,COMPACT,6370,5736,2.31,7195.43,0.00,200.36,0.00,0.00,1329,28774738,231603,66,2827,0,0,7529.4,7897,7661.59,7895,1
ftv47_p5_f70_lL,155,1712,5,47,169,7832,7829,CTSP_2,COMPACT,6370,5736,2.23,7194.43,0.00,331.99,0.00,0.00,1336,25025163,317536,76,2683,0,0,7527.4,7924,7700.67,7924,1
ftv47_p5_f70_lM,233,1712,5,47,169,7829,7827,CTSP_2,COMPACT,6370,5736,2.29,7192.83,0.00,271.34,0.00,0.00,1348,23291736,310078,66,3522,0,0,7529.4,7912,7683.93,7878,1
ftv47_p5_f90_lH,342,1885,5,47,215,8226,8226,CTSP_2,COMPACT,10246,9274,1.54,7192.20,0.00,215.37,0.00,0.00,1762,17042556,195732,55,3357,0,0,8026.5,8248,8119.58,8248,1
ftv47_p5_f90_lL,171,1885,5,47,215,8378,8226,CTSP_2,COMPACT,10246,9274,3.41,7197.55,0.01,325.20,0.00,0.00,1817,38959372,254879,59,2059,0,0,8029.2,8248,8153.84,8248,1
ftv47_p5_f90_lM,257,1885,5,47,215,8226,8226,CTSP_2,COMPACT,10246,9274,2.99,7191.88,0.00,216.20,0.00,0.00,1767,17596617,195119,54,2944,0,0,8026.5,8248,8128.11,8248,1
att48_p3_f50_lH,1708,9398,3,47,77,24965,24942,CTSP_2,COMPACT,2140,1976,0.22,14.58,0.00,1.26,0.00,0.00,844,199932,10705,46,210,0,0,24812.0,25040,24942.00,24942,2
att48_p3_f50_lL,854,9398,3,47,77,25211,24954,CTSP_2,COMPACT,2140,1976,0.26,10.19,0.00,0.87,0.00,0.00,839,138903,4266,46,213,0,0,24812.0,25229,24954.00,24954,2
att48_p3_f50_lM,1281,9398,3,47,77,24992,24942,CTSP_2,COMPACT,2140,1976,0.22,3.45,0.00,0.23,0.00,0.00,845,33649,1796,46,176,0,0,24812.0,25040,24939.61,24942,2
att48_p3_f70_lH,1845,10098,3,47,99,26238,26089,CTSP_2,COMPACT,3508,3284,0.56,278.09,0.00,25.94,0.00,0.00,857,3255081,144289,45,470,0,0,25881.0,26089,26086.39,26089,2
att48_p3_f70_lL,922,10098,3,47,99,26486,26405,CTSP_2,COMPACT,3508,3284,0.34,7198.30,0.00,372.48,0.00,0.00,809,80680943,944565,44,1352,0,0,25861.5,26486,26214.50,26486,1
att48_p3_f70_lM,1384,10098,3,47,99,26446,26314,CTSP_2,COMPACT,3508,3284,0.40,7198.17,0.00,348.68,0.00,0,824,75413771,1042406,44,1204,0,0,25861.5,26390,26161.11,26390,1
att48_p3_f90_lH,2101,11173,3,47,127,29992,29929,CTSP_2,COMPACT,5740,5392,0.55,4907.04,0.00,293.79,0.00,0.00,945,37682301,700873,95,1215,0,0,29627.0,30055,29926.01,29929,2
att48_p3_f90_lL,1050,11173,3,47,127,29992,29992,CTSP_2,COMPACT,5740,5392,0.60,7197.86,0.00,511.74,0.00,0,957,63984323,1075676,95,1244,0,0,29627.0,30055,29938.86,30055,1
att48_p3_f90_lM,1576,11173,3,47,127,29992,29992,CTSP_2,COMPACT,5740,5392,0.56,2657.19,0.00,226.81,0.00,0.00,945,21408651,598266,95,1598,0,0,29627.0,30055,29992.00,29992,2
att48_p5_f50_lH,1708,9398,5,47,122,40074,40047,CTSP_2,COMPACT,3332,2987,0.64,137.13,0.00,12.25,0.00,0.00,1079,1734247,68669,65,380,0,0,39819.0,40047,40043.00,40047,2
att48_p5_f50_lL,854,9398,5,47,122,40768,40181,CTSP_2,COMPACT,3332,2987,0.76,820.23,0.00,62.13,0.00,0.00,1048,9699327,319600,82,629,0,0,39819.0,40361,40176.98,40181,2
att48_p5_f50_lM,1281,9398,5,47,122,40169,40047,CTSP_2,COMPACT,3332,2987,0.51,174.89,0.00,14.65,0.00,0.00,1098,2342730,79578,81,363,0,0,39814.5,40047,40043.00,40047,2
att48_p5_f70_lH,1845,10151,5,47,168,44427,44198,CTSP_2,COMPACT,6284,5667,1.19,572.45,0.00,45.18,0.00,0,1354,5205600,144416,128,627,0,0,43986.5,44198,44193.58,44198,2
att48_p5_f70_lL,922,10151,5,47,168,45177,45095,CTSP_2,COMPACT,6284,5667,1.12,7194.50,0.00,275.15,0.00,0.00,1381,28397002,380150,126,1766,0,0,43968.5,45130,44284.68,45041,1
att48_p5_f70_lM,1384,10151,5,47,168,45084,44517,CTSP_2,COMPACT,6284,5667,1.36,7198.14,0.00,311.74,0.00,0.00,1375,52991124,559229,120,1492,0,0,43968.5,44641,44206.59,44534,1
att48_p5_f90_lH,2101,11559,5,47,214,50348,50305,CTSP_2,COMPACT,10138,9179,4.36,7194.72,0.00,234.60,0.00,0.00,1672,21251053,245370,130,1409,0,0,49903.3,50493,50028.80,50337,1
att48_p5_f90_lL,1050,11559,5,47,214,50348,50348,CTSP_2,COMPACT,10138,9179,2.94,7197.91,0.00,244.13,0.00,0.00,1538,36593359,224762,154,1470,0,0,49901.8,50493,50099.08,50493,1
att48_p5_f90_lM,1576,11559,5,47,214,50348,50348,CTSP_2,COMPACT,10138,9179,3.85,7197.80,0.01,304.27,0.00,0.00,1752,36599734,315800,133,2087,0,0,49915.3,50493,50028.33,50493,1
gr48_p3_f50_lH,789,4339,3,47,72,11876,11846,CTSP_2,COMPACT,1874,1727,0.14,7.89,0.00,0.78,0.00,0.00,562,117104,7337,32,219,0,0,11759.0,11876,11846.00,11846,2
gr48_p3_f50_lL,394,4339,3,47,72,11880,11880,CTSP_2,COMPACT,1874,1727,0.22,3.87,0.00,0.33,0.00,0.00,558,53349,3150,32,179,0,0,11759.0,11880,11879.00,11880,2
gr48_p3_f50_lM,591,4339,3,47,72,11880,11876,CTSP_2,COMPACT,1874,1727,0.17,7.63,0.00,0.78,0.00,0.00,548,108424,7807,32,208,0,0,11759.0,11876,11874.82,11876,2
gr48_p3_f70_lH,842,4540,3,47,99,12017,11940,CTSP_2,COMPACT,3514,3274,0.00,0.18,0.00,0.00,0.00,0.00,0,631,0,45,45,0,0,0.0,0,11940.00,11941,2
gr48_p3_f70_lL,421,4540,3,47,99,12051,12017,CTSP_2,COMPACT,3514,3274,0.43,16.05,0.00,1.38,0.00,0.00,629,181525,7930,32,236,0,0,11940.0,12017,12015.81,12017,2
gr48_p3_f70_lM,631,4540,3,47,99,12017,12017,CTSP_2,COMPACT,3514,3274,0.25,9.23,0.00,0.61,0.00,0.00,634,101638,3264,32,308,0,0,11940.0,12017,12015.80,12017,2
gr48_p3_f90_lH,995,5476,3,47,135,14325,14325,CTSP_2,COMPACT,6466,6082,1.26,7197.68,0.00,581.72,0.00,0.00,1253,54785877,1488655,54,1490,0,0,14138.3,14365,14312.03,14325,1
gr48_p3_f90_lL,497,5476,3,47,135,14398,14398,CTSP_2,COMPACT,6466,6082,0.46,7198.01,0.00,459.48,0.00,0.00,1260,54724686,752544,106,2650,0,0,14153.3,14437,14300.12,14424,1
gr48_p3_f90_lM,746,5476,3,47,135,14325,14325,CTSP_2,COMPACT,6466,6082,2.44,4103.18,0.00,365.25,0.00,0.00,1281,31978583,982482,58,1088,0,0,14137.8,14437,14323.57,14325,2
gr48_p5_f50_lH,789,4339,5,47,121,19230,19216,CTSP_2,COMPACT,3282,2926,0.54,156.81,0.00,13.44,0.00,0.00,728,2128661,85443,37,454,0,0,19109.0,19230,19214.08,19216,2
gr48_p5_f50_lL,394,4339,5,47,121,19322,19230,CTSP_2,COMPACT,3282,2926,0.33,21.33,0.00,1.77,0.00,0.00,744,256346,10635,37,282,0,0,19109.0,19230,19228.08,19230,2
gr48_p5_f50_lM,591,4339,5,47,121,19230,19230,CTSP_2,COMPACT,3282,2926,0.33,26.36,0.00,2.21,0.00,0.00,741,326715,13408,37,319,0,0,19109.0,19230,19228.10,19230,2
gr48_p5_f70_lH,842,4632,5,47,165,20528,20451,CTSP_2,COMPACT,6066,5450,1.07,1115.00,0.00,78.79,0.00,0.00,1304,11177861,268574,59,854,0,0,20329.0,20451,20448.96,20451,2
gr48_p5_f70_lL,421,4632,5,47,165,20602,20561,CTSP_2,COMPACT,6066,5450,1.18,7196.83,0.00,221.80,0.00,0.00,1298,28178057,450851,62,1797,0,0,20328.5,20741,20492.65,20576,1
gr48_p5_f70_lM,631,4632,5,47,165,20561,20528,CTSP_2,COMPACT,6066,5450,1.47,2264.70,0.00,180.77,0.00,0.00,1257,21907495,553897,70,1286,0,0,20329.5,20528,20525.95,20528,2
gr48_p5_f90_lH,995,5476,5,47,220,24052,24027,CTSP_2,COMPACT,10698,9693,3.97,7197.40,0.01,294.92,0.00,0.00,2109,39755193,373560,129,1663,0,0,23804.4,24117,23943.05,24027,1
gr48_p5_f90_lL,497,5476,5,47,220,24173,24173,CTSP_2,COMPACT,10698,9693,4.33,7197.35,0.01,320.10,0.00,0.00,2215,35613437,295408,117,3041,0,0,23772.4,24204,23934.20,24204,1
gr48_p5_f90_lM,746,5476,5,47,220,24167,24052,CTSP_2,COMPACT,10698,9693,3.65,7196.53,0.01,578.86,0.00,0.00,2196,41434690,571360,113,1787,0,0,23779.5,24136,23935.62,24052,1
hk48_p3_f50_lH,1815,9982,3,47,72,26026,25876,CTSP_2,COMPACT,1872,1727,0.20,8.43,0.00,0.77,0.00,0.00,509,100993,5460,28,233,0,0,25767.0,26144,25873.44,25876,2
hk48_p3_f50_lL,907,9982,3,47,72,26449,26026,CTSP_2,COMPACT,1872,1727,0.20,16.58,0.00,1.31,0.00,0.00,502,258604,8204,28,306,0,0,25767.0,26451,26023.44,26026,2
hk48_p3_f50_lM,1361,9982,3,47,72,26208,25876,CTSP_2,COMPACT,1872,1727,0.19,7.79,0.00,0.63,0.00,0.00,507,98309,3902,28,198,0,0,25767.0,26144,25873.44,25876,2
hk48_p3_f70_lH,2024,11135,3,47,103,29522,29522,CTSP_2,COMPACT,3786,3540,0.39,2950.15,0.00,196.34,0.00,0.00,564,29701712,976783,42,1380,0,0,29151.0,29549,29519.05,29522,2
hk48_p3_f70_lL,1012,11135,3,47,103,29955,29927,CTSP_2,COMPACT,3786,3540,0.29,7198.44,0.00,414.06,0.00,0.00,548,78626168,872179,42,1863,0,0,29151.0,30016,29712.37,29927,1
hk48_p3_f70_lM,1518,11135,3,47,103,29784,29522,CTSP_2,COMPACT,3786,3540,0.40,1206.59,0.00,83.15,0.00,0,563,11231211,398156,42,1086,0,0,29151.0,29673,29519.05,29522,2
hk48_p3_f90_lH,2272,12499,3,47,126,32940,32931,CTSP_2,COMPACT,5650,5309,0.95,87.26,0.00,7.62,0.00,0.00,1120,782986,26209,49,514,0,0,32788.0,32986,32927.71,32931,2
hk48_p3_f90_lL,1136,12499,3,47,126,32986,32940,CTSP_2,COMPACT,5650,5309,0.83,107.61,0.00,12.27,0.00,0.00,1171,962629,30895,49,541,0,0,32788.0,32986,32936.71,32940,2
hk48_p3_f90_lM,1704,12499,3,47,126,32964,32940,CTSP_2,COMPACT,5650,5309,0.79,110.29,0.00,10.79,0.00,0,1097,985995,33333,49,566,0,0,32788.0,32986,32936.71,32940,2
hk48_p5_f50_lH,1815,9982,5,47,119,42492,42266,CTSP_2,COMPACT,3186,2830,0.40,12.41,0.00,0.88,0.00,0.00,678,81261,3995,31,279,0,0,42157.0,42534,42261.90,42266,2
hk48_p5_f50_lL,907,9982,5,47,119,43361,42751,CTSP_2,COMPACT,3186,2830,0.47,1633.58,0.00,107.53,0.00,0.00,693,18935747,516476,33,856,0,0,42157.0,43019,42746.73,42751,2
hk48_p5_f50_lM,1361,9982,5,47,119,42861,42266,CTSP_2,COMPACT,3186,2830,0.51,13.04,0.00,0.69,0.00,0.00,705,121742,3009,33,205,0,0,42157.0,42534,42261.78,42266,2
hk48_p5_f70_lH,2024,11135,5,47,165,49089,48862,CTSP_2,COMPACT,6058,5462,1.42,7197.97,0.00,377.81,0.00,0.00,905,52349825,651088,60,3264,0,0,48223.5,49157,48489.19,48923,1
hk48_p5_f70_lL,1012,11135,5,47,165,49454,49371,CTSP_2,COMPACT,6058,5462,2.47,7197.36,0.00,409.69,0.00,0.00,995,51683390,565450,60,5115,0,0,48223.5,49497,48563.81,49497,1
hk48_p5_f70_lM,1518,11135,5,47,165,49406,48914,CTSP_2,COMPACT,6058,5462,1.84,7198.27,0.00,302.47,0.00,0.00,912,49976932,445492,60,3988,0,0,48223.5,49157,48473.36,49153,1
hk48_p5_f90_lH,2272,12499,5,47,207,54279,54270,CTSP_2,COMPACT,9490,8588,3.78,7198.19,0.00,379.74,0.00,0.00,1629,46951139,721335,88,1632,0,0,54031.0,54470,54261.73,54270,1
hk48_p5_f90_lL,1136,12499,5,47,207,54335,54287,CTSP_2,COMPACT,9490,8588,4.47,7197.45,0.01,544.74,0.00,0.00,1715,45132727,650870,86,2241,0,0,54049.0,54497,54234.44,54357,1
hk48_p5_f90_lM,1704,12499,5,47,207,54306,54276,CTSP_2,COMPACT,9490,8588,3.61,6844.49,0.01,505.36,0.00,0.00,1682,45048594,712799,82,1711,0,0,54031.0,54497,54276.00,54276,2
ry48p_p3_f50_lH,1985,10921,3,47,75,28551,28551,CTSP_2,COMPACT,2030,1876,0.23,19.41,0.00,1.82,0.00,0.00,1264,276112,13977,55,254,0,0,28173.2,28610,28548.15,28551,2
ry48p_p3_f50_lL,992,10921,3,47,75,28628,28551,CTSP_2,COMPACT,2030,1876,0.27,6.25,0.00,0.46,0.00,0.00,1253,73460,3739,51,184,0,0,28151.9,28551,28548.27,28551,2
ry48p_p3_f50_lM,1489,10921,3,47,75,28628,28551,CTSP_2,COMPACT,2030,1876,0.27,9.11,0.00,0.96,0.00,0.00,1371,138461,5879,53,221,0,0,28158.8,28610,28548.20,28551,2
ry48p_p3_f70_lH,2484,13665,3,47,106,36905,36859,CTSP_2,COMPACT,4006,3749,1.89,47.33,0.00,2.46,0.00,0.00,1482,478479,9013,79,295,0,0,36561.9,37007,36855.32,36859,2
ry48p_p3_f70_lL,1242,13665,3,47,106,37144,37102,CTSP_2,COMPACT,4006,3749,2.03,2806.05,0.01,147.86,0.00,0.00,1848,26922783,503383,84,937,0,0,36564.5,37215,37098.29,37102,2
ry48p_p3_f70_lM,1863,13665,3,47,106,37099,36913,CTSP_2,COMPACT,4006,3749,2.20,213.19,0.00,15.00,0.00,0.00,1381,2318186,51749,76,535,0,0,36558.7,37215,36909.31,36913,2
ry48p_p3_f90_lH,2868,15776,3,47,132,41729,41729,CTSP_2,COMPACT,6202,5831,2.56,48.62,0.01,7.07,0.00,0.00,1537,389925,11653,81,281,0,0,41266.4,41805,41727.00,41729,2
ry48p_p3_f90_lL,1434,15776,3,47,132,41760,41737,CTSP_2,COMPACT,6202,5831,2.73,57.12,0.01,8.60,0.00,0.00,1580,465314,11245,85,303,0,0,41221.7,41805,41732.83,41737,2
ry48p_p3_f90_lM,2151,15776,3,47,132,41737,41729,CTSP_2,COMPACT,6202,5831,2.73,67.62,0.01,8.72,0.00,0.00,1677,550292,12975,84,336,0,0,41286.1,41805,41729.00,41729,2
ry48p_p5_f50_lH,1985,10921,5,47,125,48165,47946,CTSP_2,COMPACT,3494,3126,2.41,405.65,0.00,26.42,0.00,0.00,1912,5097997,117432,95,467,0,0,47327.8,47946,47941.21,47946,2
ry48p_p5_f50_lL,992,10921,5,47,125,48585,48188,CTSP_2,COMPACT,3494,3126,1.16,1276.59,0.00,87.46,0.00,0.00,2246,16895924,292704,96,628,0,0,47260.0,48476,48185.00,48188,2
ry48p_p5_f50_lM,1489,10921,5,47,125,48276,48165,CTSP_2,COMPACT,3494,3126,1.22,3549.55,0.00,207.91,0.00,0.00,2069,37461684,686182,96,804,0,0,47330.4,48273,48160.18,48165,2
ry48p_p5_f70_lH,2484,13665,5,47,178,61325,61279,CTSP_2,COMPACT,7046,6341,2.99,7198.67,0.01,262.27,0.00,0.00,2705,51778762,288259,104,959,0,0,60466.1,62186,61171.21,61818,1
ry48p_p5_f70_lL,1242,13665,5,47,178,61754,61636,CTSP_2,COMPACT,7046,6341,3.21,7195.78,0.01,295.83,0.00,0.00,3772,29022151,273138,117,955,0,0,60509.0,62186,61283.30,61930,1
ry48p_p5_f70_lM,1863,13665,5,47,178,61649,61375,CTSP_2,COMPACT,7046,6341,3.21,7198.68,0.01,272.44,0.00,0.00,3038,48881520,275000,115,961,0,0,60479.9,62186,61211.23,61864,1
ry48p_p5_f90_lH,2868,15776,5,47,219,68810,68810,CTSP_2,COMPACT,10618,9614,3.04,7197.46,0.01,859.26,0.00,0.00,2267,48962639,711521,114,748,0,0,67926.3,68873,68751.66,68810,1
ry48p_p5_f90_lL,1434,15776,5,47,219,68875,68826,CTSP_2,COMPACT,10618,9614,3.25,2578.73,0.01,356.00,0.00,0.00,2316,16223429,408294,104,574,0,0,67922.6,68873,68819.12,68826,2
ry48p_p5_f90_lM,2151,15776,5,47,219,68818,68810,CTSP_2,COMPACT,10618,9614,3.23,4063.09,0.01,650.36,0.00,0.00,2343,25215607,673206,109,632,0,0,67923.1,68873,68803.12,68810,2
eil51_p3_f50_lH,60,319,3,50,78,865,860,CTSP_2,COMPACT,2190,2035,0.29,1.12,0.00,0.09,0.00,0.00,604,9119,475,38,98,0,0,854.5,879,860.00,860,2
eil51_p3_f50_lL,30,319,3,50,78,871,869,CTSP_2,COMPACT,2190,2035,0.29,2817.38,0.00,194.77,0.00,0.00,636,39522560,740261,37,1500,0,0,854.5,885,869.00,869,2
eil51_p3_f50_lM,45,319,3,50,78,865,865,CTSP_2,COMPACT,2190,2035,0.31,408.55,0.00,33.73,0.00,0,655,6192049,159745,44,970,0,0,854.5,879,865.00,865,2
eil51_p3_f70_lH,73,387,3,50,102,1010,1008,CTSP_2,COMPACT,3706,3469,0.35,3417.29,0.01,271.31,0.00,0.00,878,33529288,1153324,46,1670,0,0,984.2,1013,1008.00,1008,2
eil51_p3_f70_lL,36,387,3,50,102,1018,1012,CTSP_2,COMPACT,3706,3469,0.38,7197.72,0.00,609.48,0.00,0.00,830,81260374,1408015,47,2258,0,0,985.7,1014,1006.53,1014,1
eil51_p3_f70_lM,55,387,3,50,102,1012,1012,CTSP_2,COMPACT,3706,3469,0.41,7197.95,0.00,522.84,0.00,0.00,832,72981367,1581186,55,2060,0,0,985.2,1014,1008.00,1012,1
eil51_p3_f90_lH,84,462,3,50,136,1212,1212,CTSP_2,COMPACT,6582,6205,2.49,7198.23,0.01,349.07,0.00,0.00,1289,49269842,575112,74,1934,0,0,1196.0,1212,1206.62,1212,1
eil51_p3_f90_lL,42,462,3,50,136,1218,1214,CTSP_2,COMPACT,6582,6205,3.18,7198.39,0.01,413.99,0.00,0.00,1273,48344780,483300,60,2144,0,0,1198.5,1216,1206.60,1214,1
eil51_p3_f90_lM,63,462,3,50,136,1212,1212,CTSP_2,COMPACT,6582,6205,2.71,7198.24,0.01,446.22,0.00,0.00,1195,51384991,635778,64,1992,0,0,1196.0,1216,1207.00,1212,1
eil51_p5_f50_lH,60,334,5,50,134,1464,1463,CTSP_2,COMPACT,4028,3601,0.77,1851.10,0.00,172.83,0.00,0.00,1075,17944217,644137,66,1522,0,0,1449.0,1484,1463.00,1463,2
eil51_p5_f50_lL,30,334,5,50,134,1485,1475,CTSP_2,COMPACT,4028,3601,0.53,7194.75,0.00,314.11,0.00,0.00,1002,38955692,617802,74,2194,0,0,1447.8,1484,1462.22,1484,1
eil51_p5_f50_lM,45,334,5,50,134,1469,1464,CTSP_2,COMPACT,4028,3601,0.64,2809.10,0.01,194.99,0.00,0.00,1078,29000971,733627,78,1941,0,0,1449.0,1484,1464.00,1464,2
eil51_p5_f70_lH,73,405,5,50,173,1732,1730,CTSP_2,COMPACT,6616,6000,0.52,7197.64,0.00,426.75,0.00,0.00,1219,46231507,504988,55,3730,0,0,1687.0,1745,1704.05,1744,1
eil51_p5_f70_lL,36,405,5,50,173,1774,1732,CTSP_2,COMPACT,6616,6000,0.63,4330.17,0.00,273.13,0.00,0.00,1247,14536595,353983,59,3793,0,0,1689.0,1745,1708.13,1745,1
eil51_p5_f70_lM,55,405,5,50,173,1737,1732,CTSP_2,COMPACT,6616,6000,2.83,6272.72,0.00,332.31,0.00,0.00,1285,20725169,382976,69,3249,0,0,1688.5,1745,1704.28,1745,1
eil51_p5_f90_lH,84,462,5,50,233,2053,2049,CTSP_2,COMPACT,11982,10908,4.27,7197.65,0.01,309.28,0.00,0.00,1836,31656473,191932,91,3178,0,0,2016.0,2053,2026.53,2049,1
eil51_p5_f90_lL,42,462,5,50,233,2053,2053,CTSP_2,COMPACT,11982,10908,4.79,7197.60,0.01,306.69,0.00,0.00,1782,30309039,175345,96,3365,0,0,2016.0,2053,2028.69,2053,1
eil51_p5_f90_lM,63,462,5,50,233,2053,2049,CTSP_2,COMPACT,11982,10908,4.54,7191.76,0.00,320.59,0.00,0.00,1864,18429193,205430,77,3372,0,0,2016.5,2053,2029.50,2049,1